aguja,alicate,ardilla,ballena,burro,caballo,camello,canguro,cepillo,cerdo,clavo,conejo,cuchara,cuchillo,elefante,gallina,gallo,gorila,lapiz,llave,martillo,navaja,oveja,pantera,perro,pincel,pinza,sierra,soplete,taladro,tigre,tijera,tornillo,tortuga,tuerca,yegua
-0.25841,-0.063108,0.27594,0.14636,0.041797,-0.088472,-0.20116,-0.059157,-0.30783,0.00056506,-0.14298,-0.1285,-0.083447,-0.23805,0.047056,-0.066569,-0.10857,-0.15262,-0.11649,-0.071881,-0.22698,-0.072069,0.059794,-0.13747,-0.22821,-0.15681,-0.19588,0.58236,0.33754,-0.40272,-0.14469,-0.12328,-0.24642,0.25557,-0.20385,0.23021
0.013317,-0.59595,-0.30884,-0.38869,-0.23189,-0.29167,-0.50316,-0.23207,-0.70199,-0.10819,-0.56308,-0.13396,-0.136,-0.25614,-0.49057,-0.23929,-0.39545,-0.45123,-0.28344,-0.25689,-0.10755,-0.39415,-0.14561,-0.33355,-0.39958,-0.47788,-0.52296,-0.070964,-0.68166,-0.27413,-0.2739,-0.46787,-0.42451,-0.37483,-0.27353,-0.18529
-0.059399,0.17037,-0.13876,-0.24434,0.29647,0.29227,-0.069595,-0.18346,-0.19833,-0.27191,0.10505,0.04031,0.08742,0.13601,0.28196,0.084668,0.15325,0.13257,0.59531,0.17077,-0.32622,0.35102,-0.065532,-0.11558,0.18105,0.2159,0.21635,0.40026,0.10491,0.00023756,0.40692,0.38,0.34546,-0.16959,0.14815,0.12629
-0.21802,-0.031892,-0.12996,-0.13724,0.17664,-0.073231,-0.097863,-0.028181,-0.17649,-0.62178,-0.60692,-0.097272,-0.38113,-0.26784,-0.38301,-0.13529,0.11851,-0.031217,0.081818,-0.58304,-0.35948,-0.11654,-0.32347,-0.35326,-0.19192,-0.0068118,-0.42669,0.18334,-0.42927,-0.69086,-0.15483,-0.17066,-0.51621,-0.20729,-0.22326,-0.266
-0.32233,-0.39459,-0.41457,-0.50106,-0.11363,0.059725,0.029387,-0.11299,-0.51228,-0.20827,-0.24799,-0.10276,-0.44886,-0.01454,-0.27502,-0.058462,-0.14642,0.046188,-0.013177,-0.18825,-0.13107,-0.036129,-0.23908,-0.065563,0.11347,-0.047246,0.023886,-0.30197,-0.069545,-0.31457,-0.1023,-0.23854,-0.1501,-0.55447,0.25846,-0.17333
-0.1464,-0.032998,-0.13093,-0.13932,-0.24858,0.039226,-0.11087,-0.091294,-0.1717,-0.304,-0.11182,-0.35314,0.079915,0.037595,0.14254,-0.044647,-0.058473,-0.30475,-0.38808,-0.018263,0.14407,0.10162,-0.38597,0.04065,0.24817,0.1174,-0.27506,-0.029948,-0.43596,0.144,0.14186,0.17183,0.17232,-0.026669,0.32004,0.20775
-0.2931,-0.17038,0.52913,-0.39401,-0.13182,0.119,-0.27415,0.34561,0.010324,-0.19992,-0.051016,0.21841,0.0015491,-0.092729,0.13631,-0.072472,-0.036112,0.072755,0.012319,-0.018344,-0.15199,-0.16339,-0.32455,0.25889,0.075257,-0.16595,-0.19688,-0.62046,0.18432,0.15546,0.28949,-0.31335,-0.037597,-0.25804,-0.48184,-0.26466
0.10849,0.33391,0.16709,0.090413,-0.046586,-0.12662,0.18157,-0.20176,0.14994,0.014991,0.50243,0.17827,0.40547,0.255,-0.012402,-0.12386,0.096682,-0.095324,0.35592,0.9596,0.50554,0.044206,-0.23333,0.084665,-0.020229,0.2483,0.51274,0.10556,0.56467,0.47446,0.17394,0.34611,0.41356,0.34782,0.23031,-0.17575
0.17737,0.05831,0.078955,0.15143,0.12272,0.20571,0.038196,0.27098,0.086256,-0.17421,0.015114,-0.068999,0.11706,0.052972,0.089645,0.13117,0.4555,0.13032,0.24453,0.021578,-0.048176,0.10528,-0.063749,0.075324,-0.063913,-0.25092,-0.11539,0.19516,-0.042589,-0.10369,0.35915,0.46252,-0.052235,0.045084,-0.059385,0.09176
0.091588,0.094809,0.30576,0.021626,0.044624,-0.32021,-0.1044,0.3381,0.23218,-0.38045,-0.16677,0.39475,0.082373,-0.25345,0.086989,-0.092137,0.35795,0.22448,0.38108,0.20247,0.034319,-0.24434,-0.14207,0.19052,-0.11026,0.1813,0.1271,0.035859,0.092403,-0.21597,-0.14685,0.16086,-0.4908,0.16828,-0.19532,-0.083308
0.14938,0.31344,-0.012631,0.081128,-0.13362,-0.24407,-0.098572,-0.026659,0.26436,-0.14974,0.18307,-0.1355,-0.14233,0.13502,-0.29795,-0.068813,-0.063183,0.323,-0.20126,0.012454,-0.022753,0.36705,-0.35124,-0.53101,-0.13633,0.081081,-0.23953,0.11502,-0.15778,0.25249,-0.076979,0.020548,0.27854,-0.04619,-0.17637,-0.31707
0.14708,-0.06672,-0.10097,0.066383,-0.047858,-0.17443,-0.053746,-0.26169,-0.14384,0.039208,-0.064135,-0.26879,0.27917,-0.30943,-0.054756,0.057662,-0.042031,0.29687,-0.24975,-0.017423,-0.14545,0.032427,-0.0041502,0.038854,0.02544,0.053292,-0.22398,-0.40037,-0.55027,-0.37697,-0.096006,0.08673,0.15281,0.25191,0.42339,-0.37399
-0.18998,0.21914,-0.21823,-0.34415,-0.26539,-0.15654,-0.13692,-0.26541,0.067124,-0.20644,-0.43031,-0.2292,-0.07429,-0.24816,-0.058618,0.095569,-0.22398,-0.30258,0.11593,-0.054833,-0.35319,-0.18073,-0.27588,-0.091623,-0.25213,0.2483,0.020256,-0.24052,-0.047548,0.031182,-0.13428,-0.23878,0.11561,-0.095123,0.0206,-0.19648
0.060473,0.17872,0.23372,0.001973,-0.1396,0.033494,-0.17353,0.079389,-0.14751,0.14821,0.068462,0.28155,0.069981,-0.15248,0.15612,0.36867,0.48429,-0.171,-0.010349,-0.051729,0.21151,-0.26613,0.0078635,0.21454,-0.084297,-0.18248,-0.15696,-0.16885,-0.011425,0.23923,0.25716,-0.12187,0.20314,0.060858,0.15099,-0.053189
0.14581,0.58537,0.20602,0.079918,0.051138,-0.005424,-0.21262,0.091717,-0.10274,0.10175,0.13665,0.14138,0.051998,0.27967,-0.049466,0.15162,-0.14661,0.3994,0.18994,0.35985,0.11928,0.16607,0.099613,0.35232,0.43627,-0.058287,0.47866,0.13886,0.12256,0.56618,0.26661,-0.060998,0.064657,0.10728,0.19996,0.25207
-0.15752,0.32293,0.060662,-0.21591,0.13201,-0.082158,0.041298,0.43494,0.11468,0.27449,0.38308,0.072385,0.244,0.50078,0.22551,0.2184,0.14883,-0.032911,-0.1363,0.055341,-0.0063472,0.33572,0.070263,0.20848,0.12264,0.052085,0.33721,-0.45114,0.25518,0.38821,0.052847,0.17042,0.085099,0.10473,0.19596,-0.12581
0.15012,0.026273,-0.018458,0.032438,-0.30659,-0.041002,0.067774,-0.28578,-0.0483,-0.35046,-0.06025,-0.23636,-0.36882,0.21376,0.054359,-0.41206,-0.24102,0.16209,0.48308,0.11563,-0.0077503,0.03095,-0.65642,0.27579,-0.16535,0.42099,0.17525,-0.15354,-0.23039,0.045086,0.11254,0.21334,-0.15172,-0.13702,0.070303,-0.50337
-0.59382,-0.11311,0.022264,-0.16836,0.029629,0.23271,0.13578,0.061659,0.14291,0.26128,-0.027136,-0.053774,-0.15296,-0.097953,0.22689,0.14014,0.088123,0.29394,0.12395,-0.12113,-0.2994,-0.16902,0.35807,-0.078234,0.39359,0.27311,-0.52919,-0.265,0.35605,0.21336,0.043343,0.14093,-0.21122,0.16952,-0.033595,0.098902
0.19976,-0.28953,0.12197,-0.38262,-0.34856,-0.1308,-0.42702,-0.29945,-0.26631,-0.43735,-0.14312,-0.0028932,-0.038363,-0.22907,-0.16394,-0.34402,-0.16044,-0.25873,-0.034998,0.12244,-0.16156,-0.16132,-0.11661,0.49203,-0.25045,-0.23947,0.093655,0.0050815,-0.44366,-0.19939,-0.23838,-0.10995,-0.28658,-0.13073,0.090212,0.019164
0.088451,0.18657,0.42801,-0.056947,0.27419,0.20833,0.25884,0.0071232,-0.13493,-0.12043,-0.33049,0.16815,0.086401,-0.091097,0.254,-0.20515,-0.027923,0.01299,0.21996,0.10354,-0.49761,-0.051374,0.40722,0.063086,0.38818,-0.094842,-0.13896,-0.51015,-0.068445,-0.10214,0.15625,0.1038,-0.060778,0.12957,-0.20056,-0.062166
0.19702,-0.74891,-0.14935,-0.063493,-0.094993,-0.24199,-0.14242,-0.069495,-0.048492,-0.3332,-0.075002,-0.25938,-0.14259,-0.29429,-0.17611,-0.24423,-0.13722,0.001705,0.071052,-0.12604,-0.40512,-0.43948,-0.21723,-0.48206,-0.16196,-0.029207,-0.11536,-0.35974,-0.47021,-0.085732,-0.30397,-0.0028144,-0.26678,0.16968,-0.15212,-0.078014
0.22055,0.2848,0.51945,-0.019313,0.34869,0.335,0.16764,0.25951,0.17629,-0.032907,0.2614,0.32999,0.36891,0.087615,0.33928,-0.054482,-0.040399,0.47279,0.44363,-0.08897,0.35092,0.17863,-0.38553,0.66006,0.11106,0.0066215,0.086741,-0.10362,-0.44195,-0.029664,0.39574,-0.13832,0.26797,0.54931,-0.040188,-0.027864
0.27461,-0.2311,-0.17174,0.27544,-0.032605,0.31084,0.14607,0.035392,0.0037324,-0.046343,-0.22235,0.050715,-0.21788,0.065083,0.16119,0.038685,-0.042763,0.21906,-0.022763,-0.55565,0.019901,0.28289,0.12065,-0.25408,0.29157,0.090721,-0.21811,-0.082294,0.073047,-0.29957,-0.40062,-0.0053515,0.038049,-0.090589,-0.32534,0.16887
0.23951,-0.094755,0.3765,-0.079184,0.4401,-0.072386,0.083146,-0.18064,-0.13626,-0.093623,-0.0086915,0.35577,0.049456,0.23639,-0.21466,0.24168,-0.066061,-0.15958,-0.16033,0.0097152,-0.1092,0.26443,0.23267,0.050543,-0.13713,-0.32329,-0.25308,-0.056027,0.0597,-0.13668,0.12957,0.39171,0.10552,-0.056932,0.26176,-0.01713
0.10252,0.17487,-0.21628,-0.064532,0.15942,-0.035488,0.020869,-0.057605,-0.037201,-0.065664,-0.094724,-0.51074,0.054441,-0.12296,0.076799,-0.057549,-0.1922,0.20416,0.17572,-0.0069096,0.019411,-0.051681,-0.19275,-0.29804,-0.0096701,0.080269,-0.067483,0.12816,0.21228,-0.046365,-0.0057727,-0.0072666,0.11368,-0.14182,0.1383,-0.12475
-0.066304,-0.029987,-0.27227,-0.22981,-0.59038,-0.25869,-0.27116,-0.040871,0.20239,-0.66858,-0.29254,-0.35123,-0.43132,-0.21424,-0.26105,-0.55366,-0.41199,-0.52871,-0.11527,-0.36334,-0.2013,0.0031373,-0.36895,-0.47755,-0.41638,0.07925,-0.34826,-0.36616,-0.40533,-0.22302,-0.54687,0.023816,-0.41377,-0.58178,-0.27042,-0.5377
0.4446,0.42744,0.26103,0.36066,0.23325,0.23598,0.31743,0.53346,0.24866,0.20297,0.47423,0.16729,0.17216,0.46148,0.016621,0.27641,0.25972,0.28802,0.43253,0.4645,0.45076,0.75416,0.19602,0.4042,0.45081,0.30145,-0.044323,0.18673,0.48513,-0.038133,-0.07649,0.56354,0.17331,0.37098,0.47837,0.088443
-0.30558,-0.25656,0.037933,-0.11464,-0.46474,-0.1804,-0.27629,-0.39637,-0.15215,-0.0050596,-0.17769,-0.19524,-0.17517,-0.26667,-0.39031,-0.14763,-0.10327,-0.26841,-0.43132,0.11688,-0.14751,0.081092,-0.092798,-0.28101,-0.48613,-0.62205,0.094336,-0.028995,0.3817,-0.090126,-0.049709,0.061152,0.00041883,-0.33052,-0.0086119,-0.37793
-0.11607,-0.16699,0.039208,-0.21649,0.1661,0.096131,0.096513,-0.10841,-0.073454,-0.055088,-0.25912,0.0033171,-0.13153,0.032414,-0.13513,-0.13025,-0.2845,-0.34235,-0.45796,-0.49825,-0.41646,-0.0012769,-0.23515,-0.25954,0.072041,-0.10703,-0.19261,-0.29059,-0.18189,-0.51165,-0.20027,-0.22296,-0.35616,-0.10714,-0.39651,0.14159
-0.40816,-0.31466,-0.22532,-0.0048397,-0.067424,0.13778,-0.26274,-0.44287,-0.28543,-0.074886,-0.064732,-0.21021,-0.011486,0.18154,-0.22824,0.045401,0.1669,-0.15922,-0.4104,0.29072,-0.025518,0.36569,-0.13535,0.056643,0.010384,-0.2885,0.14118,0.37714,0.23382,0.25301,0.18075,0.34719,0.10898,-0.10685,0.22115,0.2914
0.12752,0.11076,-0.060839,-0.1351,-0.00074447,0.16796,-0.02762,0.30622,0.47142,0.21375,-0.069424,0.1234,-0.074617,-0.030783,0.32309,0.035704,0.11941,0.28906,0.18,-0.24111,-0.25677,0.13134,-0.076346,-0.29857,0.12223,0.14095,-0.084595,0.66944,0.31579,-0.18989,-0.012192,0.083142,-0.10463,0.1766,-0.39204,0.19052
0.16308,0.18192,0.22207,0.15825,-0.15073,-0.089169,-0.13174,0.073369,-0.0051161,-0.061969,-0.22195,-0.37271,-0.31775,-0.11143,-0.092394,-0.25079,-0.16837,-0.28319,0.28248,-0.034127,-0.02725,-0.23088,0.12069,0.13976,0.088299,0.14169,-0.14927,-0.2795,0.41514,-0.15088,-0.37814,0.042341,0.15609,-0.05604,0.13732,-0.037205
-0.39238,0.20531,0.19912,0.18545,0.14327,-0.042341,-0.078404,0.19987,-0.048972,0.23325,-0.44481,0.17538,-0.25714,-0.13974,0.1274,-0.1961,0.0070377,0.52943,-0.12662,-0.035475,0.14953,-0.11538,-0.0070341,-0.12999,-0.10984,-0.60962,0.082171,0.35808,-0.20512,-0.040455,0.16039,-0.31043,-0.237,0.20789,-0.31554,0.21107
0.44436,0.057602,-0.048264,0.087511,0.16916,0.16926,0.053791,0.19218,0.037912,0.3111,-0.0012523,-0.1023,0.15407,0.21971,0.16191,0.31747,0.36373,-0.0058791,-0.059755,0.24184,0.046988,0.096792,0.026906,-0.13276,0.11515,0.0097181,0.19821,-0.090363,0.15911,0.279,0.021668,-0.108,0.21371,-0.029535,-0.074436,0.52538
0.1113,0.20364,0.06607,0.033018,-0.32396,-0.42231,-0.29919,-0.086029,0.39096,-0.57428,-0.2646,-0.42872,0.11819,-0.18781,0.10749,-0.48106,-0.36251,-0.23803,-0.13219,-0.19586,0.080068,0.065595,-0.57692,-0.31068,-0.27012,-0.48097,-0.026586,0.089796,0.40362,0.092987,-0.47177,-0.1962,0.082573,-0.10719,0.05367,-0.58491
-0.094485,-0.034365,-0.099528,0.013968,0.24681,-0.17149,-0.23358,-0.039854,-0.28067,-0.20834,0.21427,-0.099587,0.025892,-0.078705,0.16603,-0.13387,-0.25991,-0.013201,0.065531,-0.12309,0.11624,-0.013419,0.022129,0.10641,0.017911,-0.35178,-0.55144,-0.30397,-0.0052636,0.08868,0.078425,-0.43583,0.070176,0.30931,-0.1355,0.0020745
-0.012002,-0.16273,-0.23615,-0.029052,-0.21922,-0.14286,-0.22478,-0.17459,0.29754,0.1015,0.12069,0.072863,-0.076462,0.20957,-0.13048,0.13282,0.059695,0.039001,0.32763,0.10468,0.098858,0.089858,-0.073976,0.50651,-0.07079,0.45751,0.1862,0.027085,0.27567,0.019154,-0.057465,0.30083,0.22926,-0.076774,0.24439,-0.48055
-0.042323,0.23297,0.25023,-0.1169,-0.20732,-0.12716,-0.21486,0.033055,-0.16108,-0.25687,-0.0026881,-0.19961,-0.3065,-0.056013,-0.22894,0.0092559,-0.1076,-0.11327,-0.23789,0.32337,-0.28761,0.14667,-0.028853,-0.098338,-0.20478,0.09157,-0.17557,-0.19155,-0.136,-0.16751,-0.22724,-0.0088222,-0.46762,-0.12473,-0.058164,-0.41583
-0.39628,-0.22811,-0.047788,0.022192,0.21124,0.53286,0.14506,0.10157,-0.33088,-0.07971,-0.0061738,-0.098459,0.011373,0.3849,0.36705,-0.11208,0.18948,0.18337,-0.2312,0.3455,-0.12508,0.40046,0.080244,0.042339,0.3907,-0.35292,-0.29616,0.29214,0.19108,-0.19567,0.058277,-0.12094,-0.16784,-0.069099,0.0070973,0.46261
-0.27993,0.17638,-0.033814,-0.36966,0.11118,-0.21541,-0.18848,-0.60655,-0.3045,-0.13174,-0.17212,-0.19828,-0.23063,-0.24535,-0.055314,-0.03043,-0.047686,-0.1402,-0.56847,-0.071173,-0.14581,-0.34193,-0.25086,0.12673,0.0050087,-0.62911,-0.42176,-0.058027,-0.043629,-0.45065,-0.13708,-0.414,-0.54829,-0.10265,-0.14808,0.15552
-0.092518,0.041482,-0.10837,0.022007,0.11208,-0.09899,-0.10034,-0.11321,-0.1989,-0.10091,-0.21012,-0.05826,-0.12795,-0.36854,-0.11057,-0.12918,-0.13065,0.1159,0.023933,-0.15755,-0.44624,-0.5231,-0.24025,0.01143,-0.14135,-0.063619,0.15534,-0.37381,-0.869,-0.35301,-0.1445,-0.13271,-0.12054,-0.00091852,0.10925,0.12697
-0.084284,-0.59908,-0.46824,-0.57468,-0.16153,-0.15756,-0.1664,-0.48202,-0.065475,-0.58865,-0.034982,-0.26036,-0.70164,-0.1709,-0.11393,-0.53901,-0.28492,-0.18464,-0.11118,-0.2457,-0.30872,-0.062065,-0.38992,-0.14485,-0.15096,-0.067391,-0.35582,-0.30617,-0.11173,-0.28646,-0.17847,-0.1928,-0.0080508,-0.18839,-0.2489,-0.12306
0.1021,0.032411,0.17045,0.12004,-0.097411,-0.22836,-0.092436,0.11188,-0.2678,-0.11892,-0.23968,-0.29274,-0.16382,-0.10866,-0.019154,-0.19087,-0.25124,0.016934,0.11349,-0.30364,0.15226,0.0063259,0.018724,0.078502,-0.21681,0.0056324,-0.12181,-0.0057022,0.16728,-0.14464,0.072967,-0.24283,-0.27749,0.037131,-0.38401,-0.0567
-0.10468,-0.14225,-0.1448,-0.010993,0.076236,-0.078936,-0.33125,-0.062658,0.22731,0.10629,-0.18735,0.19039,-0.018667,-0.29448,-0.11518,0.10869,-0.082588,-0.14551,-0.078839,0.07922,-0.09065,-0.17408,-0.17821,-0.44299,-0.099084,0.077663,0.31125,0.18014,-0.069463,0.25472,-0.21287,0.32656,0.090215,-0.23829,0.38582,0.11338
0.52679,0.034091,-0.14505,0.14123,0.18255,-0.042087,-0.2873,-0.27154,-0.25826,0.40529,0.20454,-0.07401,-0.39625,0.085419,0.09133,0.20225,0.37623,-0.1983,-0.24589,-0.17642,0.33338,0.063354,-0.051208,0.13681,-0.23558,-0.17175,-0.16862,0.23957,0.23159,-0.2179,0.023212,0.064961,0.24217,-0.13997,0.37528,-0.21061
0.37366,0.045787,0.67593,0.15423,0.25546,0.21198,0.36267,0.2673,0.29047,0.50602,0.11581,0.6256,0.29381,0.37355,0.38721,0.29181,0.35396,0.13532,0.12342,0.10141,0.16368,0.04313,0.4922,0.23374,0.0032393,-0.0030232,0.010959,0.54276,0.19315,0.21206,0.39415,-0.025101,-0.06219,-0.017509,0.21909,0.1884
-0.18099,-0.055757,-0.29735,-0.067209,0.048186,-0.013143,-0.14589,0.07563,-0.029958,-0.35182,-0.22333,-0.23199,-0.26462,-0.011907,-0.11704,0.12905,-0.12227,-0.19332,0.087768,0.39855,0.10413,0.29335,0.080812,-0.22324,-0.022547,0.016793,-0.068576,0.051836,-0.31724,-0.37128,-0.18183,0.0030771,-0.32453,-0.11619,-0.30275,0.12151
0.074543,0.33707,-0.083981,-0.34827,0.30893,-0.018802,0.052769,-0.40111,0.16675,-0.070828,0.0035967,0.10971,0.054391,-0.057405,-0.1888,0.18145,0.19414,-0.22701,0.074268,-0.15051,-0.050814,0.021084,-0.037978,0.10324,0.025762,0.01257,-0.12702,-0.15101,0.24054,0.12029,-0.11651,-0.032705,-0.107,-0.24677,0.14727,-0.079885
-0.11034,-0.24947,0.23605,0.026299,-0.12982,0.073486,0.19761,0.15236,0.089081,0.003774,0.064572,0.039771,0.14645,0.18087,0.18347,-0.026523,0.14131,0.13082,-0.18649,-0.13221,0.22181,0.18543,0.265,0.43339,-0.08369,0.26951,0.28619,0.35175,0.018903,0.19614,0.54408,0.48617,0.28623,0.005323,0.1659,0.28957
-0.16194,-0.26212,-0.35557,-0.25101,-0.27472,-0.23584,0.053418,0.0025517,-0.16881,-0.32443,-0.083122,-0.14972,0.30186,0.023157,-0.44454,-0.077461,0.22357,-0.28332,0.0061471,0.0017169,-0.21309,-0.12815,-0.44814,-0.049451,-0.0074316,-0.010759,0.040587,0.31708,0.32183,-0.077952,-0.14884,-0.29796,-0.16442,-0.62559,-0.55842,-0.02635
0.20012,0.12718,0.36205,0.33494,0.3415,0.19915,0.3917,0.17778,0.044703,0.37238,0.22421,0.36443,0.052834,-0.035566,0.066169,0.44395,0.26155,0.34746,0.13236,-0.19471,-0.009372,0.07489,0.090357,0.52747,0.51273,0.568,-0.066482,0.20662,0.035065,0.0019464,0.62012,-0.23622,-0.30104,0.32179,0.060921,0.54114
-0.22814,-0.1058,-0.075757,-0.26702,-0.14413,-0.012304,-0.065231,0.29947,0.063359,0.17009,-0.23378,0.0209,-0.056179,-0.109,-0.11399,0.30797,-0.098329,-0.019052,-0.40542,-0.10201,-0.10936,-0.15034,-0.18731,-0.082459,-0.18698,-0.43422,-0.1588,0.29731,-0.68603,-0.38681,-0.46272,-0.25447,-0.21785,0.10123,0.059272,0.014551
0.18812,-0.39272,-0.20098,0.11945,-0.12719,-0.14928,-0.17934,-0.18533,0.065305,-0.013765,0.0933,-0.059226,0.16103,0.064309,0.14658,0.040385,-0.41434,-0.18559,-0.046226,0.042857,-0.071112,-0.055312,0.012777,-0.18733,-0.18212,-0.31846,0.26225,-0.12239,-0.25045,0.15142,-0.1938,0.0015671,0.07976,0.21841,0.093428,-0.26251
0.3288,0.14158,0.48684,-0.042391,-0.0058707,0.16906,0.013019,0.28303,0.35461,-0.097717,-0.099401,0.35245,0.23408,0.22645,0.0036163,-0.18626,-0.052897,0.02147,0.045358,-0.0034422,0.37735,0.19974,0.021394,0.4049,0.018821,0.34766,0.096336,0.025409,0.34491,-0.009395,0.012667,0.23005,0.26783,-0.10007,0.4168,0.31333
-0.25431,-0.27917,-0.010737,-0.26043,0.066003,-0.22734,-0.25686,0.024765,-0.24123,-0.21389,-0.42547,-0.17353,-0.058352,0.054793,0.017966,-0.11674,0.019245,0.10285,-0.018117,-0.37835,0.034712,0.1136,-0.37834,-0.18698,0.084254,-0.32189,-0.076627,0.036037,-0.19539,-0.033248,0.0064665,-0.082522,-0.22398,0.1516,-0.22772,-0.28634
-0.10434,-0.4204,-0.48473,0.067624,-0.23529,0.027544,-0.093028,-0.12519,-0.32708,-0.34326,-0.063043,-0.37596,-0.13321,-0.24284,0.25996,-0.053137,-0.028549,-0.1241,-0.27138,-0.22407,-0.4169,-0.067133,-0.03691,0.045583,-0.22618,-0.46109,-0.22081,-0.48542,-0.25377,-0.36255,0.21042,-0.1684,-0.40193,-0.25612,-0.22035,-0.0064812
0.011443,0.19255,0.14999,-0.10218,0.023061,-0.16965,0.030247,0.17337,-0.25315,0.063873,-0.41213,0.23504,-0.1927,-0.2253,-0.20333,0.062194,0.11116,-0.14299,0.16748,0.17215,-0.031679,-0.22815,0.084866,-0.0058516,-0.23177,-0.10662,0.0414,0.16404,-0.027223,-0.43743,-0.0016126,-0.40681,-0.086605,0.3546,0.048601,0.34591
-0.14355,-0.42583,-0.0033059,0.054936,0.036016,-0.14964,0.025174,0.37184,0.036262,0.39746,-0.34222,0.037699,0.1709,-0.02651,-0.047964,0.31465,0.25942,0.12271,-0.0066863,-0.39938,0.0024164,0.049977,0.20483,0.055462,0.1802,0.3194,-0.042412,-0.14109,-0.3199,-0.16102,-0.055035,-0.058971,-0.10884,0.15204,-0.4973,0.14198
-0.050087,-0.057932,0.084022,-0.0038847,0.43131,0.25971,0.26072,0.043098,-0.038578,-0.33427,0.25897,0.09664,-0.011219,0.20301,-0.062336,-0.2052,0.31991,0.18929,0.20018,0.10694,0.36507,0.073492,-0.47825,0.1592,-0.045067,-0.029233,-0.011799,-0.075235,-0.12897,0.48233,0.4992,0.4604,0.22597,-0.038908,0.67305,0.043241
0.011977,-0.16194,0.23921,-0.095614,-0.1388,-0.17627,-0.16852,0.43042,0.44378,-0.16031,0.39289,0.038436,0.23801,-0.17675,-0.11938,0.1594,0.24165,-0.39286,0.46378,-0.19481,0.03391,0.016886,0.12245,-0.17503,0.041691,0.09338,0.32604,0.022622,-0.16829,-0.12338,0.32113,0.21642,0.048195,-0.10533,0.36224,-0.279
0.10936,0.37532,0.053208,-0.010995,0.17692,0.22443,0.22269,-0.13486,0.16934,0.021904,0.033302,-0.064381,0.24089,0.30844,0.3956,-0.16435,-0.27633,-0.0004872,-0.4207,0.037094,0.39123,0.082766,-0.13929,0.11985,0.32593,0.029207,0.44618,0.066205,0.66947,0.29861,0.091041,0.25532,0.48099,0.20153,0.24243,0.23658
-0.042682,-0.16135,-0.17508,-0.30857,-0.45834,-0.12075,-0.12554,-0.30466,-0.33615,-0.4713,-0.08872,-0.17947,-0.3953,-0.10678,-0.00044826,-0.20024,-0.093607,-0.20137,0.06171,-0.18862,-0.15275,-0.28547,-0.22518,-0.093219,-0.078758,0.32604,-0.38141,-0.3801,-0.488,-0.05401,-0.062204,0.015625,-0.28008,-0.20633,-0.10877,-0.48843
0.30037,-0.057579,0.19984,0.036102,0.3728,0.5694,0.4562,0.05022,0.16031,0.34304,0.17745,-0.018449,0.36919,0.040284,0.1581,0.3275,0.50773,0.29285,-0.069782,0.049335,0.29476,0.23849,0.40756,-0.12835,0.30266,0.10932,0.1556,0.3001,0.45336,0.13367,0.13965,0.72597,0.16162,-0.061199,0.2405,0.36102
0.065611,-0.26815,-0.211,-0.0046836,-0.020091,-0.22338,0.16007,-0.14865,-0.27138,-0.35945,-0.076679,-0.14555,-0.30998,-0.098531,0.11236,0.091013,-0.28411,-0.15789,-0.0066968,-0.14692,-0.26655,-0.080117,0.42025,0.07644,-0.28332,-0.21705,0.065644,0.089211,-0.10186,-0.21388,-0.097401,-0.22238,-0.46999,-0.24056,-0.1609,0.28056
0.00037471,0.0062301,-0.22265,0.52088,-0.099169,-0.12247,-0.2268,-0.31847,-0.27948,-0.10906,-0.082013,-0.20142,-0.11852,-0.21407,-0.0044401,-0.098298,-0.21116,0.06184,-0.042462,-0.08543,0.10917,-0.083691,-0.15404,-0.367,-0.19364,-0.39242,0.63706,0.066292,0.19536,0.27806,-0.16981,-0.23537,0.15996,0.17011,0.030301,-0.065906
0.14293,0.29878,-0.21246,0.055751,-0.18921,0.013346,0.35146,0.17038,0.020626,-0.15697,0.28249,-0.088676,0.20851,0.3907,0.2537,-0.22398,-0.37588,0.08711,0.18543,0.11391,-0.042262,0.20973,-0.26093,-0.12949,-0.01676,0.040251,0.36532,-0.13356,0.13345,0.22047,-0.10229,0.35207,0.16826,-0.17411,0.38656,0.29056
0.46546,0.57603,0.072162,0.33972,0.16741,-0.028935,0.22129,0.036537,0.3302,-0.030701,-0.14345,0.28505,0.055507,0.091842,0.22078,0.23329,-0.21006,-0.04803,0.14459,0.19151,-0.17275,0.057468,0.35325,0.2262,0.04205,0.25085,-0.075831,0.70638,0.0091213,0.19919,0.1562,-0.25183,0.29377,0.43603,0.16551,0.28095
0.23409,0.2237,0.23344,-0.038593,-0.028406,-0.15827,-0.050461,0.3514,0.20238,0.21235,-0.18628,0.22866,0.13659,0.3293,0.16214,0.24281,0.07575,0.41528,0.50714,0.22132,0.10393,0.21902,0.39049,0.37737,0.47678,0.23492,0.34752,0.06308,0.40856,0.48742,0.24541,0.32907,0.16314,0.42243,0.4975,-0.099458
0.24301,0.61792,0.28692,0.41505,0.19205,0.065603,0.14068,0.52232,0.42109,-0.12687,0.34379,0.051053,0.61599,0.13367,0.48404,0.30484,0.085477,0.10432,0.24192,0.36294,0.26256,0.016429,-0.089219,-0.12105,0.13405,0.13879,0.68474,0.33012,0.2749,0.06382,-0.11984,0.26467,0.45275,0.42199,0.11863,0.1131
-0.16828,0.038127,0.2865,0.12664,0.076467,-0.017939,-0.24319,0.0080767,-0.10278,-0.00075477,0.020341,0.038094,-0.154,-0.25821,0.17905,0.22955,0.25727,-0.27867,-0.0057871,0.033881,-0.010391,-0.38564,-0.08284,-0.086804,0.13749,-0.16929,0.015713,-0.16088,-0.21187,-0.28814,-0.1534,0.03303,-0.045347,-0.022243,0.059844,-0.12959
-0.31451,-0.21503,-0.38027,-0.13746,0.051758,-0.010343,-0.56626,-0.51194,-0.10553,-0.14942,0.22708,-0.33575,0.035773,-0.39985,-0.0086308,-0.32165,-0.37699,-0.38155,-0.32324,-0.23587,-0.15805,-0.32146,-0.24959,-0.26621,0.019307,-0.29288,-0.035584,-0.21455,-0.24891,-0.075499,-0.0042295,-0.36506,0.10449,-0.38957,0.069203,-0.16441
-0.27596,0.17058,-0.36009,-0.10725,-0.21479,-0.32852,-0.20689,-0.10408,0.56275,-0.086564,0.19867,-0.21722,0.31825,-0.052158,-0.43434,-0.41541,-0.27019,-0.25917,0.37994,0.087606,0.077722,-0.48525,-0.55798,-0.43183,-0.1909,0.48689,0.22755,-0.23183,0.030359,-0.22919,-0.38617,0.15954,-0.029764,-0.38935,0.43785,-0.52224
-0.62771,-0.3057,-0.38242,-0.16693,0.17919,0.078289,0.16626,-0.16058,-0.32138,-0.031262,-0.35515,-0.054898,-0.27735,-0.47559,0.032672,-0.02179,-0.12692,0.17028,-0.54367,-0.35164,-0.24229,-0.37877,-0.13753,0.12736,0.068707,-0.17045,0.11133,-0.073899,-0.21542,-0.16421,0.18746,-0.22582,-0.26426,-0.078213,0.14893,-0.25698
-0.11564,-0.24615,0.20352,-0.04948,-0.18672,-0.023588,0.046736,0.066893,-0.063595,-0.1209,-0.33987,0.24975,0.01844,0.012538,0.1201,-0.058889,-0.26907,-0.17744,-0.41952,0.16685,-0.072516,-0.10638,0.15411,-0.071484,0.050478,-0.0052711,-0.1228,0.071302,-0.17986,0.10611,0.024443,0.063326,-0.094589,0.15751,0.22621,0.16922
0.061573,0.29065,0.44526,0.70371,0.48468,0.12698,0.2089,0.49329,0.039064,0.24436,0.4883,0.3263,0.43351,0.31912,0.38026,0.87126,0.48205,0.18885,0.41362,0.0038568,0.10243,0.60324,0.5545,0.24834,0.35052,-0.017252,0.219,0.53259,0.16374,0.26063,0.57951,0.23515,0.13078,0.66533,0.53052,0.6078
-0.43703,-0.1467,0.29744,-0.35032,-0.024598,-0.22196,-0.27727,-0.31882,-0.10536,0.25968,-0.718,0.0095889,-0.47002,-0.12501,-0.20343,0.24411,0.24696,-0.14553,-0.36053,-0.17761,-0.2165,-0.24608,0.083601,0.17186,0.03191,-0.35957,-0.72735,-0.28045,-0.20226,-0.013354,-0.14827,-0.53051,-0.33635,-0.22864,-0.68958,-0.37776
-0.041724,-0.0083289,0.35674,0.096464,-0.10447,-0.11191,-0.3112,0.2128,0.23881,0.10623,0.33186,0.30663,0.35029,0.54491,0.12481,0.13712,0.039143,-0.159,0.14576,0.19544,0.33795,0.59635,0.0099213,-0.26705,0.13189,0.35007,-0.14261,-0.05698,-0.17987,-0.19379,-0.10898,0.092535,0.092812,0.30149,0.11962,-0.091293
0.010838,-0.15176,-0.11594,0.15781,-0.052172,-0.10128,-0.49586,-0.26079,-0.40108,0.18212,0.20563,0.317,0.31676,0.11651,-0.11555,0.06292,0.093475,0.11867,-0.54275,-0.0355,0.33337,-0.070688,-0.19831,-0.38233,-0.19424,-0.18684,-0.063425,-0.0042822,-0.11297,-0.37854,0.20589,-0.039228,-0.13061,0.12247,-0.16441,-0.090399
0.057846,-0.031951,-0.24147,-0.55972,0.1512,-0.29843,-0.23474,-0.36644,-0.04197,-0.53406,-0.32051,-0.71372,0.01408,-0.29885,-0.11513,-0.48596,-0.19886,0.11185,-0.018966,-0.32361,-0.052137,-0.28358,-0.48092,-0.24361,-0.36592,0.32173,-0.078036,-0.028409,-0.030598,0.36,-0.10903,-0.4704,-0.19614,-0.53815,0.076065,-0.42239
0.085676,-0.35139,-0.72676,-0.34265,-0.61656,-0.49262,-0.5038,-0.5724,-0.49312,-0.26439,-0.24198,-0.47814,-0.17432,-0.37685,-0.83662,-0.31175,-0.29112,-0.68423,-0.85767,-0.24822,-0.22658,-0.46973,-0.18373,-0.62618,-0.61515,-0.21814,-0.16628,-0.18124,-0.29593,-0.30184,-0.8729,-0.11954,-0.02179,-0.42208,-0.03785,-0.60143
0.24694,0.0045994,0.2267,-0.020544,0.46999,0.51872,0.45006,-0.12285,0.26077,0.24194,0.18699,0.054963,0.32282,0.32024,0.17434,0.13677,0.25459,0.027326,0.06055,0.042382,0.19413,0.30514,0.42072,0.20586,0.30808,0.47965,0.16019,0.63651,0.36166,-0.17147,-0.0029238,0.10802,0.042334,0.061599,0.13299,-0.043984
0.013632,-0.18341,0.25056,0.059547,0.35725,0.054817,0.080335,0.21701,0.25631,0.66415,-0.052936,0.11375,0.23201,0.17218,0.026408,0.36008,0.24039,-0.045688,-0.21028,0.19251,0.10852,-0.046276,0.69944,-0.16336,0.29776,-0.02251,-0.090473,0.038458,0.2024,-0.15874,-0.28305,-0.10355,-0.10848,-0.39852,-0.15548,-0.061625
0.15024,0.47562,0.35302,-0.59459,0.020206,0.10478,-0.046304,-0.11141,0.42293,-0.41605,-0.06559,-0.0098236,0.16233,-0.21894,0.17087,0.034689,-0.10669,0.38196,0.4975,0.055506,-0.13865,0.20987,-0.24081,-0.10827,0.023942,0.25586,0.4866,0.072636,0.006596,-0.010069,0.13382,0.52987,0.34689,0.041986,0.27871,-0.044551
-0.074383,-0.13089,-0.16506,0.10074,0.2525,0.050158,0.043309,-0.012799,-0.042868,0.083905,-0.034338,0.070404,-0.13633,0.13091,-0.12915,-0.024122,0.16835,0.20795,0.042876,-0.22026,0.15753,0.14173,0.099306,-0.080242,0.15355,0.042449,-0.0090133,0.016916,0.16979,0.16022,0.0022277,-0.2449,0.32971,-0.033154,0.1493,0.017425
0.15113,-0.15173,-0.082681,-0.068981,0.10804,0.22929,0.032964,-0.19979,-0.28692,0.22092,0.12588,0.095106,-0.094865,-0.01101,0.045339,0.29836,-0.020527,-0.27855,0.096426,-0.23156,0.13057,-0.02501,0.29725,-0.19158,0.2375,-0.20353,0.0101,-0.31593,-0.29651,0.0876,0.36972,0.12704,-0.18382,0.14438,-0.14483,0.1676
0.35658,0.28194,-0.023577,0.046561,0.1121,0.10274,0.27168,0.097748,-0.14235,0.21927,0.2118,0.060818,0.30656,0.12286,0.34347,0.099561,0.056923,-0.088597,-0.14503,0.0046376,0.3179,-0.18355,-0.17386,0.28875,0.07673,-0.063583,-0.19885,0.18199,0.59875,0.18245,0.12291,0.0023159,0.21825,0.14998,0.1365,0.022023
-0.14754,0.55887,0.4164,-0.019828,0.10232,-0.0083563,-0.015363,-0.13127,0.035407,-0.20401,0.011317,-0.061487,-0.058383,0.0053439,-0.073266,0.081346,0.11991,0.1233,0.29134,0.1433,0.14136,0.13165,0.22108,0.51882,-0.11216,0.26633,0.22303,0.42913,0.56405,0.11082,0.090971,0.043302,0.34443,0.1196,0.18596,0.071196
-0.22482,0.10067,0.29391,0.42537,0.12644,-0.03434,0.011082,0.42156,-0.027308,0.40474,-0.11108,0.17642,0.030181,0.18812,0.1468,0.044612,-0.065656,0.45958,-0.0047862,-0.026954,-0.18264,-0.022839,0.13938,0.15827,0.050491,-0.049968,0.21344,0.10638,0.072603,0.0021725,0.3372,0.042663,0.10203,0.25549,-0.17888,0.082903
-0.35553,-0.18658,0.074615,0.042227,0.072602,0.19524,0.026249,-0.10773,-0.0083964,0.16547,-0.16628,0.35185,0.2626,0.031702,0.25195,0.041341,0.50698,0.095216,-0.35925,-0.34014,0.12944,0.21314,0.33651,-0.12553,0.078989,0.11992,-0.14208,-0.17615,0.18422,-0.17883,-0.18334,-0.029694,-0.035279,0.022635,-0.031074,0.24961
-0.0037985,0.072466,-0.24664,-0.19219,-0.14523,-0.082743,-0.27967,-0.37069,-0.069583,-0.16249,0.11067,-0.39875,-0.10164,0.072571,-0.25792,-0.042968,-0.088973,-0.53441,0.10227,0.13118,-0.0051656,0.22351,-0.35633,-0.18738,-0.19161,0.42136,-0.47213,0.4862,-0.0092922,-0.28731,-0.027321,0.11584,0.10213,0.12183,-0.054751,-0.26519
0.14182,-0.24993,0.34474,-0.026182,0.19392,0.23026,-0.0051544,-0.20973,-0.020391,0.23136,-0.021059,0.23725,-0.33751,-0.26985,0.12318,0.25697,0.7897,0.076252,0.18659,-0.092744,0.21892,-0.22437,0.35773,0.31331,-0.075737,0.3485,-0.012783,0.15471,-0.22299,-0.24165,-0.1659,-0.041813,0.038141,-0.024849,0.15776,0.39594
-0.00016844,-0.1645,-0.27286,-0.04519,-0.31944,-0.19841,-0.45729,-0.35772,-0.095409,-0.28205,-0.08539,-0.24873,-0.1139,-0.0091633,-0.37848,-0.1475,0.071196,-0.19804,0.14076,-0.32009,-0.2691,0.1073,-0.20286,-0.17238,-0.10697,0.33557,0.031743,-0.15451,-0.20155,-0.40763,-0.15455,-0.12402,-0.17956,-0.1662,-0.10475,-0.035089
0.43001,0.086802,-0.11686,-0.25667,0.034312,-0.27065,-0.25025,0.17036,0.41326,0.21199,-0.13942,-0.09756,0.42763,0.47962,-0.16915,0.12323,-0.0087554,-0.081733,-0.11713,0.16468,0.11079,0.51526,0.019808,-0.20504,-0.098998,0.37437,-0.098631,-0.16895,0.80478,0.31582,0.050958,-0.0058871,-0.081922,0.034069,0.16204,-0.36479
0.24896,0.15703,0.31793,-0.51019,0.024476,-0.00062714,-0.084925,0.023854,0.52699,-0.016914,0.11527,0.14814,0.1103,0.3195,0.13738,-0.041956,-0.1611,0.32722,0.60313,0.52532,0.25079,0.34409,-0.29666,0.079894,-0.013651,0.46173,0.18037,0.081132,0.047351,0.16946,0.086957,0.28148,0.27647,-0.24608,0.11397,-0.15181
-0.10417,0.24575,-0.16128,-0.61183,-0.42572,-0.13131,-0.72551,-0.097405,0.15568,-0.19535,0.23409,-0.1383,0.015109,0.058661,-0.3021,0.12247,-0.17644,-0.38522,-0.010966,0.23363,-0.15816,-0.10152,-0.41366,-0.076411,-0.084527,-0.14342,-0.025992,0.3663,-0.019273,0.012251,-0.24465,0.17515,0.18657,-0.33202,0.11603,-0.26273
-0.073488,0.086929,-0.10099,-0.099349,-0.11915,-0.46341,-0.56503,0.047878,0.15356,-0.58658,-0.26559,-0.031666,-0.36089,-0.17719,-0.20188,-0.42327,0.014778,-0.11987,-0.15369,-0.035743,0.1318,-0.19104,-0.72526,-0.13697,-0.29393,-0.019271,-0.076792,0.0065484,-0.20677,0.2292,0.036898,0.1321,-0.0042293,-0.10623,-0.28997,-0.94444
-0.26985,-0.20563,0.17545,-0.051956,-0.28667,-0.04479,-0.13502,-0.15864,-0.19916,-0.21981,0.16327,-0.038329,-0.062954,-0.074865,-0.21601,-0.096655,-0.12634,-0.098222,-0.30433,0.16296,0.013576,-0.041657,-0.2969,-0.14989,-0.10691,-0.1599,-0.3761,0.16268,-0.20305,-0.16747,-0.24555,-0.075945,0.065395,0.045709,-0.067219,0.035694
-0.18327,0.035662,-0.28085,-0.21044,-0.18186,-0.26668,-0.33696,-0.2897,-0.365,-0.78298,-0.31856,-0.48995,-0.70597,-0.43973,-0.064621,-0.31122,-0.29628,0.049135,-0.026408,-0.11576,-0.12344,-0.40123,-0.32512,-0.38647,-0.30347,-0.62452,-0.50424,0.083727,-0.23335,0.0045663,-0.25298,-0.087814,-0.23307,-0.27596,-0.03578,0.062642
0.29229,0.55712,-0.14896,0.06882,0.45282,0.67359,0.58451,0.0090632,0.53926,-0.058889,0.24147,0.081263,0.17425,0.30116,0.14406,-0.15526,0.27691,0.039262,0.41111,0.29006,0.19467,0.32496,0.38174,0.2701,0.38731,0.32516,0.48418,0.10166,0.41149,0.30883,0.19492,0.31609,0.0068587,0.10047,-0.087701,0.64741
-0.38598,0.11407,-0.014937,0.035571,-0.13889,-0.041621,-0.20969,0.093267,-0.15625,0.16794,0.058122,-0.17687,-0.60877,-0.27975,0.076714,-0.24222,-0.36485,0.080051,0.097316,-0.057718,0.056702,-0.37379,0.032863,0.11399,0.1316,-0.069172,-0.14751,-0.42654,0.18192,-0.19444,-0.098871,-0.012184,-0.28988,0.044999,0.13701,0.097044
-0.095348,0.010272,-0.17072,-0.030522,-0.22445,0.0017226,-0.23197,-0.063894,-0.072838,-0.11796,0.088841,-0.19525,-0.053212,-0.010476,-0.44639,-0.12378,-0.35312,-0.39123,-0.13567,-0.026727,-0.043528,0.41138,-0.23844,-0.27578,-0.26285,-0.39652,0.25333,-0.54489,0.040357,0.06538,-0.22006,0.014581,0.006314,-0.37955,0.50025,-0.29693
0.30119,0.21705,0.27681,0.061538,-0.23189,-0.14692,-0.17604,-0.29716,0.029684,0.053176,0.42254,-0.098007,0.28838,-0.047806,0.008449,-0.037811,0.067436,-0.1339,-0.002034,0.04334,0.24599,0.12644,-0.17549,0.18936,-0.061802,0.31127,-0.04817,-0.4132,0.35759,0.20998,-0.044795,-0.27516,0.20935,-0.068572,0.15985,0.23211
0.23307,0.10995,0.1671,0.18876,-0.26106,-0.08662,0.045972,0.13559,0.092367,-0.35444,-0.2986,-0.02096,-0.23555,0.39566,0.10332,-0.59061,-0.16505,0.11909,0.56048,0.057045,0.023828,0.56824,0.19647,0.2113,0.061616,-0.20838,0.055782,0.5427,-0.11685,0.29758,0.42587,-0.039764,0.29367,-0.14004,0.41752,-0.14444
-0.14717,-0.087902,0.18394,-0.11763,-0.14723,-0.11819,-0.11602,-0.30694,-0.19445,-0.037558,0.3905,-0.038662,-0.0091452,0.13682,-0.1584,-0.0072692,-0.14,-0.30117,0.079309,-0.14733,0.19591,0.14051,0.36079,-0.072699,-0.22746,-0.4578,-0.071448,0.38728,-0.035257,-0.44398,-0.12885,0.026917,0.041121,-0.18647,-0.027678,0.061003
-0.20461,-0.012386,0.018623,-0.27618,-0.20838,-0.091611,-0.011939,-0.11931,-0.12169,-0.27531,-0.11221,-0.18886,-0.021652,-0.1429,-0.2334,-0.32943,-0.14119,-0.15833,-0.066789,-0.1166,0.062606,-0.10328,-0.41046,-0.30613,0.05219,0.17637,-0.10232,-0.038387,-0.33335,0.10128,0.061122,-0.28924,-0.010442,-0.31352,-0.26813,0.037203
0.34389,-0.020329,-0.088357,0.13148,0.14074,0.19621,0.24548,0.028759,0.11505,-0.088295,-0.034443,-0.23179,-0.085755,0.037234,-0.020766,0.074021,0.35025,-0.1238,-0.17043,0.0078298,-0.0056238,-0.017272,0.11998,-0.12066,0.051426,0.035269,-0.24253,0.14153,-0.10379,0.038478,0.0040135,0.16755,0.21572,0.2375,0.14868,0.50937
0.55673,0.23123,0.13437,0.26983,-0.12834,0.17639,0.25373,-0.17795,0.16953,0.4337,0.11084,0.32336,0.33857,0.39899,0.13299,0.20273,-0.020186,-0.00403,0.38632,0.040586,-0.079934,0.25026,0.076847,-0.2086,0.007524,0.32416,0.063527,0.39333,0.55183,-0.16431,-0.18336,0.29645,0.088807,-0.082212,-0.079371,0.10946
-0.004966,0.18172,0.098619,0.29108,0.021767,-0.26871,-0.20649,0.169,0.090498,0.34736,0.011281,-0.016063,0.33633,0.4163,-0.041139,0.17828,0.17012,0.34125,0.31763,-0.039217,-0.08857,0.31899,0.078268,-0.1507,0.016459,0.064943,-0.24872,-0.13823,0.083225,0.033149,0.20555,0.26111,-0.2946,0.00036356,-0.20581,-0.098102
0.47707,0.098073,0.37503,0.18649,0.24879,0.30941,0.24108,0.0039956,0.045837,0.28169,-0.055454,0.13623,-0.097415,0.2339,0.22854,-0.098804,-0.11886,0.25935,-0.013977,0.12286,0.23589,-0.0098441,0.22129,0.038551,0.49518,0.13022,0.025717,0.38502,0.025206,0.12982,0.2002,0.1187,0.11865,0.1338,-0.5661,0.271
-0.2627,0.051908,-0.22711,0.057661,-0.025722,-0.19122,-0.32535,0.084111,0.016013,-0.0095084,0.2295,-0.41029,-0.0003903,0.20386,-0.083856,-0.1389,-0.50464,-0.25479,0.60842,-0.2737,-0.14414,-0.030553,-0.0021436,-0.2871,-0.17268,-0.0077183,-0.011014,0.25166,0.21679,0.33149,-0.080778,-0.014302,-0.18831,-0.056666,-0.39768,0.11644
-0.099087,-0.12647,-0.041916,0.11177,0.30201,0.38703,-0.0080487,0.20976,-0.083191,0.32966,0.11675,0.36898,0.15345,-0.24257,0.25955,0.33063,0.073214,0.24407,0.38986,0.21965,-0.12001,-0.57658,0.4686,0.11488,0.25085,0.24087,-0.22848,0.059788,-0.12052,-0.25966,0.11537,0.27379,0.00038968,-0.022111,0.20557,0.40009
0.61943,0.25774,0.11016,0.35082,0.14765,-0.092793,-0.063092,-0.17959,0.26928,-0.054708,-0.051246,-0.091816,0.21045,0.50982,0.14851,0.17931,0.4238,0.24833,0.0084865,0.19806,0.38414,0.52373,0.26176,0.096504,0.075171,0.27776,0.4374,-0.054502,0.46487,0.48416,-0.25567,0.33222,0.40835,0.10609,0.56301,0.22082
-0.2531,0.030933,-0.26563,-0.2648,0.022085,-0.059919,0.13056,-0.11715,-0.076903,-0.52853,-0.16928,-0.32365,-0.082999,-0.47977,0.010282,-0.4515,-0.21045,-0.40574,-0.10597,0.032538,-0.1039,-0.24554,-0.27583,-0.16508,-0.28979,-0.29127,0.090712,-0.35554,0.23927,-0.19424,-0.085877,-0.097717,0.36288,-0.2686,0.080855,-0.34221
0.059152,-0.48426,0.018498,-0.092725,0.012062,0.19106,-0.016239,-0.044754,-0.086883,0.1819,-0.59805,0.36637,0.027902,-0.020069,-0.060713,0.13447,0.1427,-0.096808,-0.045041,-0.16643,0.10244,-0.040026,0.022323,-0.27333,0.17278,-0.33876,-0.28023,0.11186,-0.30874,-0.40331,-0.33801,-0.026091,-0.23027,-0.20535,-0.31646,-0.15751
-0.17311,0.41941,0.23978,0.20659,0.58683,0.30063,0.19843,0.21077,0.35174,0.13027,-0.056269,-0.011373,0.44895,0.021433,0.12041,-0.19396,-0.33581,-0.046053,-0.32255,0.4852,0.014609,0.02246,0.099321,0.0038306,0.35465,0.45855,0.30215,0.14581,0.15145,0.11941,0.21484,0.26668,0.20365,0.22117,0.16406,0.48397
-0.3131,-0.41092,0.064124,-0.22839,0.25068,-0.049043,-0.24286,0.16979,-0.57147,-0.21792,0.050363,0.074498,-0.2933,-0.35625,-0.074091,0.12249,0.36251,0.027143,0.32349,-0.13485,-0.22703,-0.21504,-0.07504,-0.034307,-0.0045965,-0.18524,-0.34456,0.42814,-0.52926,0.053583,0.14022,-0.027244,-0.08309,0.090807,-0.0071276,0.3519
-0.11102,0.39936,-0.034517,-0.726,-0.1157,-0.11151,-0.2753,-0.060962,-0.0047886,-0.04123,-0.27679,-0.15778,0.22006,-0.1451,-0.43533,0.20373,-0.22127,-0.23948,-0.15137,-0.01176,-0.0097946,-0.183,-0.17278,-0.39673,-0.25331,-0.083372,0.11917,-0.40524,-0.35727,0.04657,-0.29083,-0.38341,-0.074652,-0.36351,-0.19391,-0.17067
0.0050589,0.1937,-0.037152,0.053401,-0.4705,-0.1543,-0.046766,0.072042,0.16333,-0.21671,0.057568,0.10183,0.084444,-0.035455,-0.1666,0.13603,0.23377,-0.13245,0.39459,0.38842,0.12323,-0.016739,-0.051142,0.042531,0.098917,0.391,0.25189,-0.10792,0.042017,0.025342,0.055255,0.1976,0.099726,0.22756,0.33723,-0.038646
-0.21064,0.12298,-0.4515,-0.66674,-0.31503,0.16802,-0.18915,-0.44533,-0.072647,-0.54549,-0.31257,-0.14273,-0.24838,0.018148,-0.19587,-0.52354,-0.53953,0.021616,0.01513,0.12486,0.27565,-0.27632,-0.38322,0.15429,0.00038468,0.15744,-0.11606,0.034393,0.096084,0.20155,-0.42254,-0.12885,0.014924,-0.8356,-0.31958,-0.085167
-0.00016982,0.054513,0.076412,0.0066347,0.37853,0.27517,0.29461,0.084267,0.064385,-0.1405,0.21493,0.098464,0.0010585,0.27285,-0.06158,0.15717,-0.16385,0.024426,0.13132,0.22695,-0.10211,0.019246,0.16692,-0.1316,0.1468,0.32785,-0.19958,0.46135,0.40073,-0.085136,-0.16279,-0.19681,0.055281,-0.01379,-0.31293,0.10867
0.073403,-0.14263,-0.53745,0.028854,-0.29677,-0.3127,-0.24835,-0.40008,-0.23865,-0.23186,0.24906,-0.48695,-0.30259,-0.0062279,-0.22131,-0.46059,-0.33223,-0.3101,-0.053749,-0.014555,0.35473,-0.075224,-0.19999,-0.17911,-0.078624,-0.15869,-0.18173,-0.11043,0.070104,0.052608,-0.15423,-0.35964,0.072673,-0.2598,0.15744,-0.16628
-0.05045,0.083767,0.18265,-0.093168,-0.46791,-0.63225,-0.10982,0.31707,0.29588,-0.61522,-0.10758,-0.28311,-0.20259,-0.26416,-0.024838,-0.42361,-0.37451,0.04943,-0.1164,-0.33215,-0.02979,-0.16092,-0.59496,0.43249,-0.17565,-0.11439,-0.50192,0.21813,-0.028998,-0.15626,-0.054873,-0.22435,0.010662,0.016267,0.04898,-0.25968
-0.21523,-0.1578,0.10749,0.34924,-0.16389,0.028957,0.12537,0.084331,-0.2945,-0.19171,-0.13401,0.01712,-0.1981,0.061748,-0.15478,-0.003252,0.026894,0.11473,-0.19522,-0.38762,-0.047514,-0.19499,-0.21408,0.089579,0.073614,-0.14573,-0.1013,0.04022,-0.24863,-0.2962,0.032275,-0.15168,0.016929,-0.09937,0.24166,0.030873
0.062594,0.17673,-0.02306,0.16328,0.11647,0.056051,0.26377,0.015419,0.35992,0.0049433,-0.077586,0.08023,0.39825,0.27472,0.20604,0.10361,0.080766,0.36039,0.45207,0.35966,0.40111,0.417,0.25068,-0.030804,0.012434,0.059919,0.51725,0.050941,0.54419,0.70651,0.28899,0.21184,0.24851,0.042651,0.10644,0.25756
-0.076365,-0.57637,-0.46399,-0.16177,-0.41443,-0.4954,-0.45994,-0.44979,-0.34444,-0.48023,-0.44343,-0.50356,-0.34664,-0.045767,-0.3039,-0.49115,-0.36371,0.014063,0.085914,-0.18164,-0.06352,0.35171,-0.065651,-0.34143,-0.27715,-0.21313,-0.28141,-0.2163,-0.10029,0.046933,-0.17728,-0.024741,-0.35535,-0.61044,0.34409,-0.48378
0.1397,-0.18814,0.13137,0.073329,0.17148,-0.099386,-0.06713,0.063192,0.070766,0.13278,0.070494,0.13195,0.24655,-0.064559,-0.38842,0.087131,0.074223,0.18733,0.24744,-0.27311,0.062611,0.15007,-0.049694,-0.1898,-0.080552,0.28496,0.2018,-0.14598,-0.13174,-0.28204,-0.29766,-0.12877,0.174,-0.18092,0.19712,-0.2147
-0.16363,0.58851,0.0206,0.38839,-0.34684,-0.29687,-0.3551,-0.04339,0.18588,-0.15281,-0.18422,0.024498,-0.29183,0.19737,-0.34122,-0.025284,-0.064778,-0.30713,0.5408,0.11726,-0.12256,0.32067,-0.093007,-0.096042,-0.049081,0.02146,-0.38517,0.12303,-0.024817,0.0486,0.0055475,0.09705,-0.22908,0.015813,-0.048743,-0.12464
-0.30098,-0.68377,-0.029025,-0.081126,-0.26403,-0.25082,-0.31437,-0.06715,-0.044783,-0.061919,-0.11599,-0.014318,0.13463,-0.53168,0.097168,0.22203,0.010353,0.091881,-0.31143,0.11828,-0.61098,-0.42662,-0.0062004,0.083211,-0.099979,-0.62074,-0.19638,0.052197,-0.46646,-0.45513,0.098194,-0.017442,-0.40551,-0.049734,-0.12578,-0.068179
-0.32588,-0.63526,-0.22377,-0.35259,-0.33204,-0.29858,-0.55882,-0.3041,-0.58311,-0.059643,-0.44504,-0.23133,-0.45443,-0.43031,-0.60582,-0.28849,-0.20558,-0.42717,-0.36247,-0.44964,-0.214,-0.43811,-0.16545,-0.21888,-0.29556,-0.71559,-0.7756,-0.25302,-0.25971,-0.24983,-0.42371,-0.5715,-0.34093,-0.24606,-0.65554,-0.53676
0.20183,0.43245,0.43311,0.48107,0.23571,0.26637,0.36006,0.3759,0.089817,0.24253,0.13272,0.025276,0.1444,0.39504,0.44629,0.06003,0.054624,0.28991,-0.29046,-0.21352,0.38048,0.40456,0.22087,0.45044,0.57771,-0.11059,0.073312,0.14212,0.44128,0.56381,0.22204,-0.26447,0.59961,0.34194,0.1059,0.1558
0.12237,0.62989,0.083745,0.06507,0.18278,0.077115,0.21489,0.03574,0.12119,-0.0489,0.65676,0.096431,0.5212,0.40083,-0.047738,0.038622,0.0023858,-0.0063842,0.56953,0.25651,0.080937,0.582,0.051603,0.023988,-0.21966,0.58694,0.37692,-0.21213,0.094104,0.35763,0.026085,0.35433,0.25386,0.034693,0.73274,0.027287
-0.040021,-0.054141,0.019599,0.046032,0.0004771,0.24744,0.22268,0.27239,0.1912,0.19948,0.45687,0.41205,0.36745,0.44271,0.20956,0.25876,0.54499,0.19313,0.67664,0.18918,0.22659,0.5299,0.25888,0.32716,0.39277,0.40294,0.12858,0.144,0.074692,-0.036389,0.33979,0.29122,0.036749,0.23758,0.016559,-0.0090289
0.11772,0.41648,0.021131,-0.18712,0.15116,-0.19875,0.047053,-0.43502,0.40119,-0.051419,0.020086,0.046201,0.20706,0.13914,-0.5483,0.070677,0.15831,-0.13163,-0.090276,0.37465,0.15435,0.58348,-0.037221,-0.12445,0.11101,0.31614,0.18995,0.22365,-0.14468,0.036845,-0.19467,0.10429,0.42201,-0.26367,0.28689,0.35548
-0.21582,0.072701,0.021371,-0.01481,0.45005,0.37779,0.16815,-0.0055825,-0.23581,0.094732,-0.0024029,0.21829,-0.13424,-0.21621,0.24546,0.14981,0.15484,0.28736,0.14242,-0.16953,-0.42964,-0.29532,0.058091,0.16248,0.14005,-0.028939,-0.14182,0.39281,-0.094303,-0.16359,-0.034227,0.15153,-0.11813,-0.098474,0.095229,0.069766
0.075631,0.5201,0.16345,0.27517,0.12436,0.0080855,0.11179,-0.019779,0.079299,0.11458,0.1956,0.097667,0.35407,0.55496,0.53314,0.27159,-8.711e-05,0.15869,0.069815,0.14208,0.42717,0.57043,-0.028225,0.17778,0.10618,0.28245,-0.027659,-0.11679,0.15495,0.47214,0.051136,0.29831,0.16211,0.46639,-0.092427,-0.37127
-0.083454,-0.48243,-0.29599,-0.24392,0.054702,-0.22458,-0.31072,-0.27207,-0.53285,0.023739,-0.2098,0.018533,-0.17104,-0.40364,-0.18449,-0.20198,-0.41493,-0.25677,-0.21351,0.097141,-0.11761,-0.14607,0.087942,-0.47761,-0.22297,-0.3076,0.10872,-0.0064843,-0.55562,0.0078387,-0.11685,0.1888,-0.49863,0.28633,0.0064719,-0.10751
0.044031,0.18577,-0.37893,-0.10643,-0.016978,0.086104,-0.3166,0.065422,0.16689,0.11685,0.31377,-0.4481,0.09127,-0.23429,0.078489,0.27782,0.068233,-0.13565,0.039557,0.039254,0.13355,-0.28618,0.11375,-0.16803,-0.13549,-0.050806,0.2229,-0.022469,-0.021588,0.23927,-0.17886,0.15301,0.23575,-0.41612,0.17456,-0.044503
-0.42631,0.3581,-0.093098,-0.41168,0.0091341,-0.14607,-0.3549,-0.43953,0.035737,0.12272,-0.0067518,-0.080687,-0.23282,-0.10761,-0.19945,-0.25783,-0.068959,0.38182,0.21425,0.1576,0.025448,-0.060582,-0.12404,-0.013159,0.068639,-0.056295,0.24103,-0.22455,0.33002,0.22159,-0.13013,-0.348,0.073992,-0.15193,0.1484,-0.10474
-0.12502,0.089999,0.14674,0.066151,0.15747,0.3616,0.18953,-0.051078,-0.29664,-0.30348,-0.035512,-0.074684,-0.56426,0.13868,0.21924,-0.14767,0.041883,-0.012583,-0.30171,0.20576,0.023492,0.25053,-0.29209,-0.053206,0.18331,-0.048587,0.11945,0.14827,0.051818,0.20519,0.36035,-0.032082,-0.14584,0.072705,-0.07748,0.07076
-0.34675,0.11919,0.0088806,0.098826,0.24087,0.064722,-0.13029,0.10503,-0.068821,0.26502,-0.027124,-0.093212,-0.042505,-0.32133,0.11284,0.19468,0.086397,0.036442,0.033939,-0.18364,-0.15765,-0.17174,0.2082,0.14246,0.072428,0.24271,-0.48131,-0.48526,-0.33652,-0.030089,0.15153,0.17476,-0.042244,0.33201,0.15187,0.22385
-0.48229,-0.078426,0.1434,0.33156,-0.094642,0.15247,-0.31308,0.058501,-0.26868,-0.49322,-0.28079,0.051153,-0.29925,-0.21821,-0.23268,-0.13721,-0.20988,0.32456,-0.31776,0.20615,-0.29936,-0.049612,-0.3302,-0.24987,-0.11615,-0.1134,-0.40269,-0.29649,-0.07232,-0.70763,-0.14235,-0.46316,-0.38894,0.40408,-0.049782,0.2408
0.27661,0.62717,-0.096327,-0.02922,-0.10748,-0.156,0.09708,-0.066023,0.03788,0.52454,0.34596,0.31526,0.26783,0.50174,-0.19461,0.4033,-0.10471,-0.14519,0.1236,0.7275,0.25777,0.21224,-0.023577,-0.072269,0.031415,0.24827,0.25171,-0.31864,-0.094448,0.10727,-0.023857,0.087801,0.34904,0.066095,-0.089902,-0.38369
-0.10931,-0.64833,0.12061,-0.83235,-0.38595,-0.53492,-0.54879,-0.67424,-0.36001,-0.5132,-0.040951,-0.43897,-0.29221,-0.64357,-0.76827,-0.11631,-0.22252,-0.64113,-0.46986,-0.23233,-0.54073,-0.42771,-0.17209,-0.24785,-0.52858,-0.3467,-0.3403,0.19347,-0.49448,-0.5784,-0.78915,-0.52649,-0.12239,-0.53279,-0.082229,-0.42926
-0.17669,0.3545,0.0093276,-0.063736,0.42755,-0.00084708,-0.10316,-0.17136,0.46092,0.1598,0.49876,-0.030413,0.21099,0.24989,0.062287,0.047574,0.19331,0.21748,0.26892,0.047281,0.33352,0.37069,0.36357,-0.057974,-0.12227,0.43592,0.34118,-0.26129,0.29071,0.24386,-0.006148,0.3931,0.32654,-0.083414,0.37796,0.21054
0.1272,0.28544,0.22276,0.1178,0.2941,0.46668,0.046523,0.53068,0.51727,-0.059864,0.30849,0.2047,0.52828,0.43034,0.34265,0.18599,0.23192,-0.26871,0.13088,0.52501,0.20294,0.59703,-0.15688,-0.084062,0.43271,0.35816,0.1704,-0.35059,0.53191,0.26599,0.078177,0.25657,0.43025,-0.0066132,0.31528,0.45175
0.044392,0.30709,0.20531,0.27825,0.071399,0.0792,0.036664,0.22703,0.009082,0.47735,0.22335,0.12534,-0.334,-0.32259,-0.32229,-0.056314,-0.074234,-0.32797,0.20398,-0.0513,0.047459,-0.18738,0.24927,-0.085657,0.078433,0.16823,-0.1043,-0.0333,0.24797,-0.076945,0.0030114,-0.16889,0.37644,-0.058773,0.18233,-0.095015
-0.60516,-0.4316,-0.30221,-0.38376,0.10769,0.17372,0.087274,-0.10234,0.10504,0.012323,0.12834,-0.031447,0.090887,0.065757,-0.12753,0.10388,0.068144,-0.14003,0.040157,-0.024897,-0.24596,0.12928,0.16596,-0.25357,-0.29704,-0.063367,0.07383,-0.20198,-0.1283,-0.23822,-0.35915,-0.027898,-0.32802,0.20374,0.052885,0.1267
-0.18168,-0.28897,-0.20018,-0.3882,0.056072,0.013044,0.01717,0.28691,0.19125,0.17884,-0.0056725,0.096002,0.087929,0.12988,0.024353,-0.10434,-0.081136,-0.171,-0.098512,-0.11999,-0.44403,-0.084238,0.18049,-0.28582,0.091428,-0.18069,-0.20006,-0.64255,-0.22798,-0.23052,-0.25316,0.096607,-0.34132,-0.24663,0.045126,0.08041
0.031062,-0.015688,0.426,-0.21262,0.14828,0.062069,-0.087155,0.33835,-0.030059,0.30858,-0.090792,0.48692,-0.22898,0.044937,-0.052718,0.17652,-0.25884,0.050469,-0.21381,-0.078454,-0.16011,0.12849,0.18344,0.21616,0.12944,0.022644,0.18518,-0.038956,0.46438,0.040758,-0.010429,0.078884,0.067409,0.29017,-0.031865,-0.12016
0.15345,0.29176,0.62918,0.2136,-0.09524,0.24422,0.3061,0.16122,0.1617,0.33008,0.24654,0.43213,0.054508,-0.019367,0.36047,-0.078119,0.18621,0.20812,0.3374,-0.039386,0.43966,-0.1249,0.12981,0.29786,0.48461,0.24614,0.15791,0.032812,-0.070368,0.10667,0.44077,0.24576,0.13454,-0.06665,0.050978,-0.18075
-0.21347,-0.51861,-0.028133,-0.063664,-0.2089,-0.015298,0.087872,-0.15031,-0.024646,-0.13426,-0.069573,-0.04443,-0.17942,-0.040409,0.25488,-0.086668,-0.10081,0.065337,-0.17602,-0.41452,0.0068158,0.078607,-0.10273,-0.012692,-0.12344,0.16748,-0.30528,0.48957,-0.34103,-0.1673,-0.25662,-0.2173,0.15421,0.0015946,0.085933,-0.43281
0.25177,0.43484,0.43463,0.10304,-0.032481,-0.12098,0.10441,0.31257,0.14043,0.043338,0.18061,0.1458,0.5712,0.074976,0.16053,0.025986,0.25717,0.33016,-0.061127,0.34543,0.25943,0.4276,0.022514,0.44372,0.43749,0.35251,0.32158,-0.024069,0.56765,0.50471,0.17122,0.081381,0.18924,0.39412,0.22217,-0.011638
0.12646,0.013557,0.038038,0.18785,0.0036151,-0.2233,0.17064,-0.18227,0.15982,0.13366,0.079697,0.29151,0.51044,-0.32426,-0.1291,0.033346,-0.17609,-0.50133,-0.23586,0.027909,-0.33853,-0.24856,0.12009,-0.18502,-0.052673,-0.06015,0.22444,0.066334,0.16096,0.12643,0.040402,-0.10958,0.16318,-0.026031,-0.10191,0.15932
0.38488,0.098865,-0.14674,-0.008024,0.037385,-0.052221,0.035331,0.077461,0.36288,0.19563,0.53057,-0.063667,0.52508,0.40533,0.067081,0.30142,0.67481,-0.081051,0.61814,-0.11858,0.26203,0.1892,0.032944,0.086689,0.25286,0.40485,-0.043775,-0.20774,0.13325,0.41066,-0.18539,0.020815,0.17269,-0.079064,0.10828,0.10371
0.20435,0.35353,0.29011,0.15387,0.14716,-0.008425,0.024036,0.22829,0.107,0.20315,-0.095687,0.26338,0.10152,-0.23083,0.14854,-0.023207,-0.11303,0.29221,0.14659,-0.4174,0.1246,-0.070896,0.26548,0.22235,0.012001,0.18824,-0.25744,0.073756,0.39586,-0.17894,-0.044354,0.10813,0.072996,0.0087325,0.12155,0.12185
0.40029,-0.01935,0.38974,0.14518,0.1186,0.13834,0.29086,0.43977,-0.036592,0.13111,0.3389,0.067269,0.14385,-0.10109,0.172,0.018671,-0.14519,-0.034368,0.40393,0.36127,0.075418,-0.034241,0.16327,0.19448,0.0045051,0.34066,0.54895,0.38389,0.36585,0.43259,0.071651,0.17673,0.18835,-0.034065,0.15454,0.059474
-0.21629,0.11123,-0.16335,0.065433,-0.00071343,0.055101,-0.059599,-0.21145,-0.030625,0.34166,0.24349,0.26974,-0.057992,0.19535,-0.1255,0.2037,0.29438,-0.19814,0.13219,-0.18299,0.20821,0.038004,0.20211,0.2216,0.10581,0.05079,-0.40829,0.014108,0.15281,0.20058,-0.19518,-0.37624,-0.076656,0.07795,-0.12759,-0.083724
0.26124,-0.19973,0.39748,0.16127,0.21904,0.38667,0.43414,0.097054,0.12906,0.36276,-0.04692,0.16989,0.17192,-0.14884,0.27547,0.14329,0.17674,0.16204,0.62093,0.34286,0.3094,-0.14172,0.21679,0.021709,0.14331,0.3265,0.1376,0.2932,0.28043,0.36355,0.5143,-0.29191,0.40822,0.22108,0.17733,0.24546
0.22726,0.086396,0.057271,-0.02008,0.044799,-0.089252,-0.28153,-0.072729,-0.11416,-0.23043,0.0028778,0.11664,-0.10128,0.029102,0.10691,-0.032516,-0.12661,0.0038829,0.22709,0.028587,-0.2556,0.037311,-0.070594,0.18629,-0.16161,-0.31357,0.26129,0.16808,-0.0077169,0.12134,-0.012564,-0.015646,-0.10865,-0.014574,-0.20798,0.13338
-0.35922,-0.0062487,-0.10901,-0.22568,-0.52074,-0.37317,-0.4887,-0.45328,-0.22705,-0.21287,-0.095758,-0.15132,-0.16982,0.11186,-0.49353,-0.051138,-0.21879,-0.37025,0.047905,-0.17852,-0.29306,0.074867,-0.20336,0.27816,-0.46471,0.19055,-0.31463,-0.36039,-0.18524,0.17011,0.16518,-0.10494,-0.17046,0.059168,0.027999,-0.14594
0.10849,0.32035,0.12725,0.10995,0.2608,0.18851,0.43778,0.17263,0.1016,0.25431,0.30466,0.42855,-0.0050274,0.45904,-0.11894,0.27523,0.18622,0.0071206,0.33452,-0.22746,0.033061,0.21247,0.23134,0.056238,0.13089,0.19722,0.26177,-0.22684,-0.040687,0.13232,0.078976,0.1898,0.19125,0.27425,-0.23432,0.21352
0.35176,0.26194,0.38511,0.1766,-0.027068,0.36522,0.53599,0.33876,0.01731,-0.10914,0.3475,0.070859,0.16038,0.23435,0.42443,0.16752,-0.044452,0.36654,-0.23029,0.14767,0.25474,0.21135,0.096468,0.35568,0.010996,-0.037213,0.10081,0.15279,-0.049306,-0.087239,0.38297,0.11857,0.060685,0.39068,-0.020515,0.33055
-0.39219,-0.36502,-0.083769,-0.19083,-0.084588,-0.26978,-0.29257,-0.25334,-0.37179,-0.28264,0.073632,0.25318,0.02472,-0.17686,-0.23863,0.052919,0.15021,-0.53453,0.18983,0.59528,-0.25264,-0.24369,-0.47172,-0.29876,-0.097326,-0.2344,-0.19845,0.29048,0.33615,0.21913,-0.1168,-0.033177,0.24559,0.11447,-0.37964,-0.10149
-0.36931,-0.066026,-0.052061,0.10697,0.18374,0.32845,0.13079,0.043428,-0.028354,0.36939,0.022523,-0.17973,-0.13273,0.18717,-0.13038,0.093051,-0.05972,-0.27825,-0.20092,-0.11689,-0.12671,0.15638,0.16653,-0.17972,0.098224,-0.35672,0.0070928,-0.25603,0.12403,-0.043042,-0.28603,0.07418,-0.11366,-0.091074,0.070011,0.42372
-0.55386,0.056965,-0.33383,-0.60587,0.13514,0.10938,-0.056878,-0.20301,-0.014674,-0.33143,-0.1407,-0.064414,-0.25783,-0.16863,-0.1054,-0.052854,-0.35859,0.36855,0.30025,-0.21777,-0.38346,-0.013605,-0.16086,-0.075649,-0.025032,0.12377,-0.29405,0.085845,-0.37589,-0.37841,-0.11328,-0.051133,-0.15377,-0.32774,-0.27155,-0.083444
-0.055128,-0.13234,-0.3109,-0.17101,-0.078516,-0.079776,-0.030728,-0.052263,-0.40506,-0.13685,-0.0218,-0.24719,-0.25575,-0.31344,-0.30142,-0.3113,-0.12501,0.018134,-0.29137,-0.074767,-0.19339,-0.22065,-0.36262,-0.46599,0.030945,-0.45739,-0.15166,-0.11468,-0.25136,-0.1494,-0.15787,-0.64972,-0.044842,-0.082731,0.049056,-0.038111
0.50959,-0.029185,-0.095227,0.19198,0.32705,0.50549,0.056002,-0.25946,0.18241,0.25715,0.56593,0.1227,0.58153,0.58305,0.00061934,0.40206,0.23313,0.27482,0.33112,0.025257,0.58466,0.55449,0.4703,0.098341,0.060449,0.67317,0.20356,0.55182,0.03917,0.033868,0.018269,0.4514,0.33719,-0.10221,0.36077,0.69476
-0.13444,-0.2651,-0.0058448,-0.0055502,-0.010923,0.040868,-0.21768,0.17719,-0.021797,0.29222,-0.066835,0.30979,0.096155,-0.34855,-0.23761,0.29466,0.26047,-0.50311,0.013795,0.29476,-0.0077152,-0.054015,-0.1539,-0.02413,0.16697,0.07957,0.12638,-0.087014,-0.35841,-0.35834,-0.021381,-0.0993,0.037185,-0.016759,0.11172,0.22407
0.19374,-0.4201,0.54772,0.23411,0.30829,0.19035,0.0033085,0.10698,-0.25296,0.13027,0.088827,0.14755,-0.109,-0.037526,0.11911,0.37862,0.18728,-0.13133,0.61876,0.12874,0.12955,0.14496,0.24345,0.2176,0.28156,0.67586,0.24478,0.53309,-0.044614,-0.10333,0.03572,0.080275,0.33988,0.34821,0.32719,0.19073
-0.11359,0.31588,0.24838,-0.041172,-0.2724,-0.3287,-0.38713,-0.094098,-0.23332,-0.078844,0.21063,0.14439,-0.2716,-0.14738,-0.13538,-0.3036,-0.42231,-0.34101,-0.004459,0.12599,-0.10352,-0.10902,-0.17069,0.26641,-0.1044,-0.2559,0.016845,0.10596,0.20406,-0.0046491,0.026143,-0.098422,-0.26038,-0.15957,-0.3301,-0.7785
-0.64736,0.09687,-0.10549,0.054246,-0.10391,-0.18885,-0.27771,0.13614,-0.23495,-0.39316,-0.15323,-0.30001,-0.4298,-0.28936,-0.25881,-0.40928,-0.044764,-0.32803,-0.25274,-0.14101,-0.10823,-0.11777,-0.33916,-0.19805,-0.030744,-0.39969,-0.5338,-0.091315,-0.084726,0.00082773,-0.21341,-0.37458,-0.18548,-0.37572,-0.11923,-0.27727
-0.51929,-0.55538,-0.10116,0.030286,-0.16343,-0.0092724,-0.43009,-0.22755,-0.32453,-0.45848,-0.54588,-0.083369,-0.43743,-0.17576,-0.2603,-0.56476,-0.28217,-0.17282,-0.20711,-0.3674,-0.037543,-0.30323,-0.68319,-0.14434,0.026515,-0.046425,-0.16092,0.14633,-0.38667,-0.13135,0.071723,-0.28491,-0.39057,-0.0033842,-0.69518,-0.059663
0.08526,0.24914,0.2627,0.32186,0.033168,0.21638,0.29677,0.0035977,-0.010151,-0.09809,-0.12642,-0.0024603,0.12217,-0.0095083,0.22971,-0.040101,-0.023188,0.12425,-0.48114,-0.23818,0.13197,0.11723,-0.28056,0.016602,0.081282,0.16023,-0.013371,-0.085811,0.33254,-0.1641,-0.0076204,0.06195,-0.25908,0.04236,0.052109,-0.11542
0.15044,-0.32134,0.40287,0.15735,0.14539,0.41383,0.48083,0.043776,-0.18768,0.36315,-0.25006,0.14291,0.11926,0.031701,0.21751,0.23713,-0.047684,0.19453,0.46951,-0.096462,-0.027219,-0.097347,0.56321,0.16316,0.2529,0.28758,-0.15869,0.10539,0.010218,-0.1031,0.12599,0.061993,-0.053248,0.14828,0.016247,0.5544
0.0064515,0.35829,0.49885,0.33811,0.13228,0.16513,0.13328,-0.26158,0.13988,0.35971,-0.23586,0.19295,-0.010748,0.28996,0.27497,0.23942,0.33105,0.13185,0.083898,-0.30356,-0.21194,0.12955,0.060135,0.24495,0.052931,0.28818,-0.048,0.1049,-0.15033,0.2032,0.24979,0.042817,-0.25342,0.1068,0.1427,-0.19568
-0.59518,-0.14881,-0.38874,-0.36236,-0.37741,-0.33678,0.011336,-0.32404,-0.10815,-0.47223,-0.44518,-0.56125,-0.25049,-0.25359,-0.49659,-0.42412,-0.39165,-0.1813,-0.16054,-0.29357,-0.65272,-0.40101,-0.44726,-0.35983,-0.48637,-0.12592,-0.26725,-0.093068,-0.31659,-0.341,-0.4762,-0.39621,-0.20089,-0.29004,-0.16132,-0.66075
-0.23444,0.21228,-0.5273,0.13325,-0.06979,0.22913,0.086463,-0.36297,-0.22591,-0.13116,0.16383,0.030117,0.41823,0.41113,-0.023006,0.20324,0.33992,-0.2302,-0.24421,-0.0079063,-0.27583,0.47568,-0.55436,0.23849,-0.053475,-0.24333,0.10392,0.20976,-0.068711,0.052396,0.12444,0.24443,-0.044198,0.12077,0.030178,-0.1042
0.22951,0.10276,-0.066727,-0.37498,0.10089,0.050098,-0.13547,-0.38015,0.42016,-0.082089,0.1417,-0.34929,0.27708,0.18592,-0.17062,-0.092787,0.097751,-0.22047,-0.40441,0.33892,0.090153,0.21256,0.13192,-0.05808,0.0068815,0.28657,0.43525,0.28209,0.20504,0.065232,0.018281,0.080422,-0.008286,-0.12462,0.19809,0.021367
0.3474,0.098949,0.32277,0.44747,0.30329,0.066754,0.59221,0.29291,0.29761,0.32615,0.04403,0.29238,0.10546,0.25095,0.54731,0.13479,-0.044277,0.27261,-0.47018,-0.21493,0.074376,0.25083,0.48997,0.26828,0.049625,0.097605,0.2895,0.067757,-0.18163,0.26656,0.34312,0.1375,0.029663,0.37586,-0.22251,0.080218
-0.055685,-0.18264,-0.40224,-0.49079,-0.25033,-0.22961,-0.2391,-0.46739,-0.5888,-0.10569,-0.027705,-0.12591,-0.25052,-0.09244,-0.37101,-0.1316,-0.59092,-0.20145,-0.31073,-0.022225,0.043908,-0.12308,-0.33269,-0.45138,-0.43169,-0.083892,-0.040588,-0.042643,-0.38899,-0.37682,-0.38785,-0.0050144,-0.49378,-0.33187,-0.073835,-0.39755
-0.59622,-0.16231,0.041292,-0.25713,-0.38814,-0.050542,-0.18271,0.14664,-0.29011,-0.42933,-0.34787,-0.060931,-0.21627,-0.41536,-0.042593,-0.29791,-0.4239,-0.1979,0.2295,-0.18616,-0.18626,-0.52549,-0.092204,0.27987,0.14247,0.25739,-0.17118,-0.036167,-0.59743,-0.15879,0.19893,-0.18952,-0.38828,-0.29621,-0.21265,0.0075721
0.39614,-0.58302,-0.26068,-0.085431,0.1356,0.08886,0.077579,0.24686,0.1859,0.0010117,0.31843,0.23628,0.15251,-0.11187,-0.28709,-0.2079,-0.013497,-0.15163,-0.060536,-0.17539,0.06314,-0.19416,0.22552,-0.25989,-0.14425,0.26341,0.15018,0.11455,0.10784,-0.22946,0.10537,0.15191,0.089945,-0.050244,0.032489,0.24881
-0.1974,-0.61204,-0.029953,0.46117,0.081023,0.22196,0.21356,0.098412,-0.32025,0.047217,0.075277,0.26494,-0.076376,-0.26947,0.16595,-0.21405,0.09033,-0.19153,0.056551,0.32327,-0.057783,-0.21015,0.2165,0.069875,-0.047307,-0.18798,-0.22858,0.12995,-0.4732,-0.30033,0.38344,-0.39374,-0.43336,0.4944,0.025252,0.13562
0.06978,0.10958,-0.068573,0.12334,-0.12885,0.38717,0.021446,0.26421,0.38629,0.24304,0.057035,-0.083726,0.19752,0.24849,0.15301,0.13029,0.26471,0.65645,-0.091367,-0.1615,0.36399,0.068358,-0.015807,-0.14594,0.14804,0.070453,0.15135,0.21322,0.044573,-0.056598,0.057294,0.17827,-0.042982,-0.015399,-0.032833,0.3523
-0.074682,0.027403,0.22288,0.20469,0.30474,0.35,0.16101,0.18429,-0.084029,-0.064355,-0.2965,0.042764,0.19239,-0.081791,0.25171,-0.14982,-0.20379,0.72119,-0.1521,-0.045438,0.02245,-0.013281,-0.023975,0.12207,0.056223,0.10755,-0.016847,0.2253,0.084123,-0.21446,-0.070515,-0.075983,-0.092119,0.057875,0.23184,-0.028141
0.44489,0.19946,0.097031,0.19911,-0.16148,0.011925,0.29645,0.24277,0.42202,0.16605,0.04755,0.1508,0.37285,0.075981,0.083021,0.12312,0.31632,0.061349,0.26425,0.05051,-0.091604,0.061852,0.0034224,0.23192,0.0019949,0.28589,0.071253,0.083122,0.36491,0.3251,-0.012179,-0.032525,0.20987,0.13962,0.091089,0.11988
-0.19357,-0.19833,0.0030783,0.26319,0.21142,-0.17943,-0.25684,-0.21997,-0.050424,-0.12651,0.40549,0.1327,-0.326,-0.078212,0.0086518,-0.041497,0.078947,-0.088413,0.067234,0.045237,0.056821,-0.30726,-0.43261,-0.057151,0.018425,0.15083,-0.005072,-0.39928,-0.068396,0.10258,0.17399,-0.089142,-0.15412,0.1023,-0.073066,-0.04629
0.054578,0.064543,0.26157,0.14662,0.21841,-0.039184,0.13642,0.15478,0.24283,0.062,0.20322,0.079495,0.021467,0.12625,0.058313,-0.039688,-0.12989,0.18542,-0.043997,-0.17767,0.0063349,0.2185,0.32544,0.083532,0.060541,-0.081524,0.089666,0.43636,0.23016,-0.2786,-0.07612,0.030729,-0.16871,0.14157,-0.14495,0.0739
0.025267,0.25505,0.32265,-0.077103,0.35879,-0.084975,0.19893,0.50009,0.020983,0.12763,0.092998,0.035708,0.23805,0.44471,0.10675,0.33395,0.42198,-0.0026642,0.14955,0.083117,0.27529,0.57781,0.035741,0.13651,0.14378,-0.25424,0.062423,-0.24379,-0.18265,0.093444,0.0046669,0.05448,0.091872,0.17351,0.058363,0.14931
0.11832,0.1468,-0.10295,0.13729,0.30617,-0.0083084,0.24048,-0.002969,0.20353,0.55088,0.19475,0.16942,-0.084172,0.13073,0.31335,0.16368,0.095395,0.16722,0.33958,0.0063269,0.068542,0.060647,0.31141,0.18488,-0.1301,-0.017312,0.12745,0.3594,0.12242,0.2396,-0.040147,0.28646,0.16471,0.027532,-0.10138,0.38041
-0.021452,-0.64168,-0.40515,-0.15225,-0.51332,-0.24872,-0.4573,-0.58319,-0.56145,-0.42777,-0.30771,-0.77481,-0.36283,-0.55259,-0.52056,-0.45649,-0.25042,-0.7239,-0.60313,-0.09399,-0.54623,-0.33052,-0.46065,-0.19524,-0.51498,-0.52423,-0.35657,0.07924,-0.68568,-0.49083,-0.49883,-0.25948,-0.33277,-0.11727,0.031856,-0.41097
0.11313,-0.095196,-0.29007,0.2191,-0.14054,-0.39331,-0.18732,-0.21506,0.11568,-0.093166,-0.1132,-0.30519,0.11651,-0.14868,-0.014794,-0.031405,-0.28142,-0.29929,-0.095359,-0.28549,-0.13602,-0.24888,-0.20819,-0.276,-0.25945,0.061354,-0.45318,-0.11168,0.17955,-0.17928,-0.28045,-0.095678,-0.029985,-0.12579,-0.34967,-0.33649
0.18494,0.29421,0.027395,0.080419,0.47315,-0.015245,-0.032224,0.13036,0.36449,0.21779,0.25734,0.12724,0.10607,0.5598,0.12438,-0.045324,0.029537,-0.056557,0.45952,0.22651,-0.065737,0.40509,-0.014229,-0.095851,0.16479,0.19983,0.39195,0.11724,0.51504,0.27794,-0.16117,0.24076,0.41745,0.32742,0.10703,-0.1686
0.20572,0.24906,-0.08327,0.016627,-0.29482,-0.34247,0.21847,0.2363,-0.087116,0.011956,-0.012065,-0.032133,-0.069232,-0.11135,0.30879,-0.075813,0.1046,0.094845,0.16295,0.16934,0.11202,-0.28155,0.16495,-0.20198,-0.37622,-0.16835,-0.010818,-0.041989,0.15935,0.10195,-0.13343,-0.15544,0.19512,0.17711,-0.34762,-0.30013
-0.42456,-0.057879,-0.21044,-0.13637,0.20857,0.057831,0.048233,-0.30104,-0.14632,-0.069469,0.15472,-0.10171,0.01287,0.15206,0.01708,0.07884,0.12361,-0.17722,0.060945,-0.17806,-0.094307,-0.067645,-0.046357,-0.04491,0.0094804,-0.086065,-0.19789,-0.23435,-0.32314,-0.2451,-0.16823,-0.080765,-0.28919,-0.04871,-0.45678,-0.3914
0.25747,-0.006376,-0.25677,0.14109,-0.026349,0.035148,0.04551,0.049275,-0.2732,0.50354,0.39705,0.22862,0.23001,0.12437,0.21705,0.22653,0.071971,0.0010677,-0.17657,-0.079158,0.21899,0.22471,0.36535,0.052985,0.21772,0.20087,0.13656,0.11224,-0.17642,0.051565,0.10965,0.37659,-0.32781,0.61163,-0.29944,-0.23687
0.04335,-0.21726,-0.15602,0.046783,0.19369,0.31297,0.14537,-0.13517,0.38162,0.083137,0.20957,-0.090812,0.076703,-0.049778,0.1121,-0.0032043,0.17874,-0.4548,0.40589,-0.049785,-0.085845,-0.0013835,0.042147,-0.10029,0.060324,0.17286,0.38698,0.011661,0.11597,-0.022586,0.18618,-0.07146,-0.043802,-0.040324,-0.50078,0.38006
-0.46059,-0.20701,-0.13477,-0.091514,-0.43157,-0.42796,-0.19213,-0.42112,-0.049815,-0.25999,-0.18536,-0.41048,-0.17075,-0.36672,-0.20605,-0.18339,-0.54113,-0.18957,-0.024155,-0.079671,-0.14466,-0.32632,0.056262,-0.071786,-0.40907,-0.031635,-0.11521,-0.11582,-0.37692,-0.28688,-0.22279,-0.14852,-0.48152,-0.27159,-0.076327,-0.043584
-0.013686,-0.23561,-0.47442,-0.21502,-0.10974,-0.097983,-0.37914,-0.52563,-0.3149,-0.17627,-0.10078,-0.39757,0.016715,-0.23575,-0.29204,-0.13684,0.20727,-0.27921,-0.21104,0.10845,0.092754,0.038472,-0.46339,-0.48184,-0.41377,-0.39536,0.14942,0.029965,-0.31132,-0.036712,-0.45921,-0.30245,-0.25928,-0.33782,-0.11278,0.20573
-0.012862,0.028706,0.052273,0.35164,0.249,0.16201,0.14877,-0.082046,0.022613,0.25149,-0.01326,0.13079,0.1597,0.37243,0.2464,0.056261,0.26362,-0.26743,-0.034676,0.17975,-0.013603,0.47179,0.22045,-0.15266,0.0041809,0.13755,0.046655,0.34164,0.19359,0.018568,0.38827,0.12587,-0.15083,0.38102,0.17468,-0.16911
0.27996,0.41764,0.77918,0.49316,0.52258,0.61917,0.60447,0.53317,0.68849,0.47147,0.023398,0.68731,0.5798,0.3703,0.34654,0.37608,0.27371,0.091614,0.36575,0.57586,0.55056,0.82887,0.58934,0.20471,0.50707,0.19806,0.15432,0.8769,0.93531,0.69313,0.22602,0.42246,0.29483,0.44853,0.32801,0.44097
0.17324,-0.020854,-0.25603,-0.018008,0.024188,0.31122,0.030521,-0.014757,0.12334,0.20965,0.4096,0.13612,0.29399,0.18593,-0.1696,-0.07506,-0.0068091,-0.11964,0.28949,0.18687,0.25118,-0.035658,-0.42961,0.18321,0.018804,-0.075946,0.13897,-0.32886,0.25061,-0.020354,-0.043511,0.10224,0.47642,-0.015485,-0.38596,-0.29402
-0.024707,-0.26054,-0.16243,-0.16408,-0.29246,-0.16572,-0.16817,-0.11325,-0.057263,-0.14879,-0.46525,-0.21286,0.23445,-0.30029,-0.29968,-0.3233,-0.17023,-0.43941,-0.21547,-0.37694,-0.4481,-0.3024,-0.22188,-0.32663,-0.14251,-0.18613,-0.10439,0.047754,-0.60433,-0.17189,-0.13206,-0.21789,-0.38989,0.0033515,-0.20215,0.054611
-0.1815,-0.4781,0.23754,-0.11091,0.089552,-0.28224,-0.34343,-0.041784,-0.11171,-0.43692,-0.16055,-0.15259,0.016803,-0.12083,-0.072745,-0.030979,-0.024051,0.062416,-0.47838,-0.28736,-0.21631,-0.091975,-0.032696,0.32029,0.026339,-0.16262,-0.56264,-0.38085,-0.58836,-0.15963,0.23035,0.025832,-0.11951,0.28952,-0.05395,0.068426
-0.36693,-0.32037,-0.35357,-0.18726,-0.36486,-0.032025,-0.22888,-0.27946,-0.67657,-0.18386,-0.20599,-0.3098,-0.38488,-0.48679,-0.42641,-0.27708,-0.046606,-0.33295,-0.12753,-0.08253,-0.37476,-0.22689,-0.20416,-0.21682,-0.082004,-0.43853,-0.26066,-0.17297,-0.089242,-0.43198,0.12574,-0.1754,-0.40877,-0.30742,-0.54115,-0.17274
0.20792,-0.22908,0.40413,-0.0078184,0.091286,0.31023,0.17086,0.1363,0.052371,-0.35525,-0.036336,0.071501,-0.10035,-0.20576,-0.039965,0.023978,-0.031174,-0.20838,-0.019316,-0.13972,0.0057325,-0.033297,0.12164,0.21019,-0.063721,-0.10715,-0.18075,-0.13941,0.060498,0.14064,-0.10284,-0.11944,0.065733,0.24342,0.11289,-0.11296
-0.20272,-0.64492,-0.22808,0.06044,-0.05062,0.13943,-0.010233,-0.085572,-0.092759,-0.36213,-0.33148,-0.022318,-0.33442,-0.0301,-0.1137,-0.16608,-0.27748,-0.11918,-0.16369,-0.28059,-0.30951,0.074897,-0.25815,-0.3671,0.15605,-0.0014873,-0.021943,-0.27212,0.14976,-0.1761,-0.30923,0.11084,-0.28931,-0.33481,-0.35774,-0.085189
0.21899,0.040694,-0.20748,0.32141,-0.4602,-0.061696,-0.33161,0.099807,-0.48307,-0.20778,-0.0089531,-0.27208,-0.0048566,0.33673,-0.38172,-0.32677,0.16386,-0.080156,0.040181,-0.12252,0.3206,0.21358,-0.045896,0.21065,-0.079094,-0.14646,-0.35345,0.082538,0.10074,0.34414,0.19361,-0.20872,-0.44036,-0.10499,-0.085999,-0.037848
-0.10341,0.30546,0.38527,0.34938,0.27076,0.21833,0.28221,0.050042,0.56309,-0.20026,0.12163,0.023465,0.42466,0.16814,0.19528,0.32633,0.25152,-0.032225,0.14,0.20187,0.16711,0.27993,-0.13004,0.038013,0.29373,0.34721,0.3669,-0.10669,0.10928,0.23236,0.19385,0.27307,0.2558,0.44881,0.38913,0.69052
-0.16381,-0.16651,-0.047862,-0.23958,0.025027,-0.35137,-0.1729,0.17346,-0.30102,-0.065152,0.11595,0.095076,-0.19404,-0.34638,-0.099679,-0.018917,-0.31481,0.014372,-0.19434,-0.0070104,-0.22433,-0.44592,-0.079717,0.058594,-0.23288,-0.29999,0.021664,0.0071504,-0.31794,-0.073285,-0.12413,-0.31879,-0.10988,-0.089987,0.053519,-0.28309
-0.20588,-0.38981,-0.20481,-0.38046,0.044124,0.022228,-0.011145,0.37879,0.032465,-0.12048,-0.18228,-0.12251,0.047839,0.073732,-0.24794,0.081692,0.25204,-0.0098496,-0.023026,-0.30679,-0.23538,0.03667,-0.084786,-0.036953,-0.036845,-0.11127,-0.021423,0.19972,-0.27875,-0.22906,0.047837,-0.29179,-0.30344,-0.19994,0.082613,-0.048243
-0.3082,0.28048,-0.28031,-0.035873,-0.13979,0.07316,-0.086171,-0.28301,0.088221,-0.024791,0.23722,0.12161,0.018811,0.066463,0.20273,0.032914,0.26769,-0.0059342,0.19546,0.002144,0.21052,0.092527,-0.050041,0.18231,-0.1493,0.19383,0.055365,-0.18705,0.093579,0.049199,0.21053,-0.11064,0.092801,-0.16794,0.073917,0.20606
0.27626,0.16533,0.70025,0.38739,0.27604,0.16587,0.33076,0.31413,0.51326,0.22233,-0.16614,0.029484,0.27364,-0.012289,0.21784,0.26078,0.18403,0.32908,-0.076246,-0.2198,0.23937,0.32602,0.30219,0.18028,0.031676,0.23543,-0.034837,0.62175,0.088426,0.18287,0.059842,-0.0017105,0.53865,0.36351,0.19774,0.40367
-0.5717,-0.14418,-0.32323,-0.019957,-0.109,0.044949,-0.14963,-0.27308,-0.14931,-0.29198,0.049973,-0.23281,-0.21375,-0.27028,0.070219,-0.30217,0.048584,-0.12434,-0.33994,0.20783,-0.019731,-0.21881,-0.15892,-0.34814,-0.18754,-0.4638,-0.41373,0.15165,-0.49079,-0.023163,-0.13168,-0.42017,-0.17677,-0.096698,-0.21731,-0.031402
-0.25564,-0.24373,-0.18891,-0.24373,-0.16136,-0.33679,-0.073868,-0.21342,-0.49278,0.13312,-0.1796,0.070018,-0.74983,-0.23385,0.022068,-0.18344,-0.28173,-0.28921,-0.29209,-0.00097278,-0.53522,-0.24441,-0.051415,-0.36557,-0.14522,-0.25036,-0.39691,-0.077565,-0.34005,-0.47976,-0.19292,-0.68607,-0.4087,0.13511,-0.40022,-0.20252
0.0066332,-0.68723,-0.058962,0.59034,0.22497,-0.027165,-0.0049995,-0.098816,-0.51726,-0.30801,-0.35404,-0.011544,-0.14097,-0.64903,0.37947,0.092408,-0.028605,-0.074009,-0.44297,0.11662,-0.30591,-0.55158,-0.2854,0.043518,-0.061294,-0.40031,-0.37023,-0.15459,-0.46148,-0.52766,0.32496,-0.24092,-0.75849,0.25537,-0.42742,0.040779
-0.25535,-0.20969,-0.083175,-0.22288,-0.11203,-0.049201,-0.18031,-0.39818,-0.29983,0.089507,-0.15682,-0.0191,0.1583,0.33962,-0.0019905,0.040259,0.017216,-0.28993,-0.081072,0.29068,-0.046281,0.21629,0.10708,-0.14124,0.10826,0.18116,-0.11135,0.1759,0.44062,0.045238,0.24256,-0.67251,-0.12934,-0.26965,-0.29153,-0.0072324
0.15217,0.42419,-0.30782,-0.098032,-0.037417,-0.0080797,-0.080656,0.4224,0.25156,0.30447,0.10686,0.10629,0.27231,0.32798,0.17421,-0.077711,-0.21827,-0.016134,0.22385,0.11531,0.10247,0.2175,0.081075,-0.55233,0.16412,0.23369,0.23325,-0.61188,0.0091569,-0.31804,-0.30475,0.27485,-0.12594,-0.067107,0.091654,-0.29953
0.011118,0.22525,0.85158,0.13402,0.030837,0.0069346,0.43248,0.44148,0.22648,0.521,0.27638,0.49857,0.4345,0.31897,0.22155,0.59918,0.31233,0.34035,0.32772,0.20736,0.14847,0.30041,0.085638,0.28886,0.04013,-0.087868,0.0025136,0.52893,0.039378,0.28327,-0.090208,0.1301,0.20331,0.46438,0.18485,-0.13811
0.059497,0.014775,-0.24157,-0.31441,-0.23164,-0.22782,-0.36824,-0.17987,-0.15302,-0.24882,0.095383,-0.33172,-0.18144,-0.015016,-0.25485,-0.24171,-0.28527,-0.35367,-0.19597,-0.057421,-0.14752,0.037751,-0.37346,-0.20728,-0.37476,-0.15786,0.20956,-0.31007,0.063575,-0.20002,-0.3733,-0.039576,0.14601,-0.42957,0.28811,-0.11372
-0.068772,-0.080915,-0.092751,0.15559,-0.2405,-0.15069,-0.23033,-0.16733,-0.2003,-0.17724,-0.28697,-0.17308,0.0015553,0.029217,-0.31017,0.0056728,-0.056901,-0.12569,0.0069182,0.062404,-0.06768,0.3345,-0.1479,-0.17418,-0.37951,0.10791,-0.0063869,0.068268,0.27553,-5.4811e-05,-0.022548,-0.091429,0.052992,0.22092,-0.050032,0.12585
-0.0049167,0.10229,-0.14121,0.096141,-0.16176,-0.15669,0.029964,0.058367,-0.089935,-0.012653,0.062353,0.096088,0.14199,0.11571,-0.19043,-0.12265,-0.029751,-0.15768,-0.094144,0.22194,0.24297,-0.0001483,0.29032,-0.0031357,0.008462,-0.17829,0.23853,-0.25203,0.31768,0.02836,-0.0082493,0.30985,0.13675,0.31394,-0.22281,-0.070633
0.27427,0.29973,0.013602,0.14294,0.10207,0.09685,0.36684,0.487,0.1375,0.10437,0.29604,0.04423,0.1309,0.066759,0.13103,0.10917,-0.067266,0.40072,-0.085527,0.22484,0.22265,0.16913,0.30666,0.074537,-0.021604,0.28804,-0.0254,-0.44698,0.69455,0.44817,0.33814,-0.42871,0.20508,0.21274,0.41779,0.39477
-0.18215,0.081398,0.043105,-0.10772,-0.017454,-0.087013,-0.13664,0.061247,0.067788,-0.34414,0.057355,0.064294,0.083197,0.377,-0.13061,0.21565,0.098429,0.12961,0.40112,-0.087333,0.33067,0.34841,-0.21001,0.0761,0.24903,0.2538,-0.075681,-0.038097,0.31305,0.40935,0.16991,-0.041695,-0.20907,-0.24381,-0.37764,-0.10285
0.44482,0.16388,0.48596,0.35244,0.29011,0.21792,0.2576,0.030475,0.17772,0.17895,-0.0091368,0.41186,0.35835,0.35418,0.52185,0.52924,0.33178,0.22319,0.40645,0.38493,0.23256,0.39041,-0.10487,0.38917,0.072358,0.39996,0.26222,0.32202,0.20844,0.1359,0.32052,0.43481,0.042161,0.57502,0.21129,0.2092
0.06166,0.24991,0.14916,0.024554,0.037963,0.055593,0.081547,0.07625,-0.10133,-0.32656,-0.23538,-0.15461,0.14148,-0.063053,0.11014,0.0628,-0.11961,-0.033557,-0.044838,-0.17936,0.27021,-0.15491,-0.2356,-0.0471,-0.041642,-0.19155,0.033766,-0.16779,-0.10866,0.23059,0.24963,-0.06536,-0.016193,0.27915,-0.027277,0.40907
-0.38324,-0.50092,-0.19382,-0.54865,-0.30928,-0.32399,-0.24854,-0.19877,-0.26263,-0.49082,-0.45475,-0.14468,-0.26293,0.052635,-0.3859,-0.49625,-0.085274,-0.51371,-0.8713,-0.35693,-0.39613,0.21028,-0.4705,-0.46104,-0.12197,-0.36344,-0.79393,-0.07136,-0.079174,-0.40802,-0.29525,-0.22294,-0.7027,-0.84426,-0.090658,-0.64442
-0.39788,-0.40271,-0.3652,-0.44403,-0.052054,-0.28605,-0.0722,-0.24997,-0.20483,-0.078312,-0.16255,-0.12662,-0.13954,-0.20564,-0.046053,-0.32185,-0.63313,-0.37229,-0.1498,-0.30095,-0.60577,-0.34281,0.0042156,-0.28493,-0.034645,-0.20439,-0.072702,-0.25662,-0.60743,-0.62089,-0.35796,-0.24761,-0.26886,-0.19327,-0.10881,0.01586
-0.37211,-0.1341,-0.27207,-0.37862,-0.23726,0.056135,-0.34771,-0.4124,0.080408,0.080576,-0.18242,0.083138,0.079148,-0.091495,-0.2451,-0.0048445,-0.10043,-0.69935,-0.40311,-0.29096,-0.40605,-0.24709,-0.19793,-0.2708,-0.08286,-0.32018,0.051748,-0.21494,-0.31344,-0.081923,-0.4117,-0.082764,-0.045004,-0.48867,0.22399,-0.23351
-0.30119,-0.59885,-0.24247,0.11052,-0.279,0.08556,0.20483,0.099737,-0.072458,0.35849,0.021318,0.47821,-0.19371,-0.27115,-0.13345,0.17758,0.1153,0.36869,-0.28451,-0.12655,-0.1205,-0.14628,0.065249,-0.04802,0.16331,-0.35922,0.37049,-0.085758,-0.51722,-0.3077,-0.058279,0.049966,-0.23607,-0.20129,0.50435,-0.060938
-0.14095,-0.27219,0.024114,-0.14103,-0.049868,-0.12459,-0.21908,-0.29832,0.13819,-0.12944,0.34488,-0.12576,-0.19807,-0.12277,-0.0087457,-0.051671,0.29389,0.10358,0.42364,0.15485,0.029046,0.058798,-0.1449,0.096495,-0.21666,-0.051119,0.3761,-0.14332,-0.34001,0.11622,-0.062174,-0.016547,-0.022486,-0.19132,0.31978,0.084525
-0.046981,0.13126,0.085394,0.12832,-0.078684,-0.023729,0.3495,-0.067281,0.25373,0.47694,-0.2689,0.35357,0.07789,0.04539,0.1132,0.23952,-0.033881,0.30567,0.027729,0.050662,0.034245,0.085141,0.098471,0.38019,-0.063968,0.011814,0.20777,0.15718,0.13719,0.1,0.35451,0.11745,0.43834,0.080002,0.185,0.12602
0.13407,0.35554,0.48777,-0.22611,0.21723,0.3571,0.032565,0.26615,0.43077,-0.22949,0.085475,0.31858,0.36253,0.20635,0.076007,0.19566,0.099728,0.24602,0.15598,0.31242,-0.078077,0.19304,-0.1212,0.10258,0.29239,0.21123,0.0077187,0.41339,0.068931,0.17837,0.24149,0.32623,0.17003,0.020315,0.12984,0.086599
0.25344,-0.22868,0.1602,0.23187,0.11846,0.048554,0.31829,-0.28715,-0.14639,0.25922,-0.44643,0.17463,-0.078407,-0.10506,0.055489,0.11094,0.18619,0.18134,-0.25519,-0.090358,-0.068362,-0.27921,0.070454,-0.26701,-0.091083,-0.085594,0.11816,0.41106,-0.10355,-0.27645,0.12944,-0.3395,-0.0056826,0.099591,-0.02451,-0.4242
0.2696,-0.084971,0.27172,0.11372,-0.076354,-0.23999,-0.19783,0.18233,0.18174,0.015026,-0.050477,-0.011351,0.037489,0.17671,-0.078777,-0.23842,0.08644,-0.038533,0.14998,0.23474,0.23889,0.14801,0.01514,0.12866,-0.18193,-0.18342,-0.045654,-0.15495,-0.19217,-0.13999,-0.21068,-0.11463,0.1558,-0.098275,0.047761,-0.31739
-0.35202,-0.41236,-0.18524,-0.12176,0.02071,0.032502,0.011727,-0.15204,-0.28156,0.20103,-0.16505,-0.21107,0.033373,-0.20236,-0.0077389,0.15417,0.17471,-0.093335,-0.07367,-0.38714,-0.45799,-0.25339,-0.23563,0.076925,0.031676,-0.43596,-0.29753,-0.01565,0.04425,-0.32112,0.19358,-0.26118,-0.38456,-0.20932,-0.14171,-0.14764
0.012243,0.013647,0.48678,0.60002,0.44733,0.37849,0.31307,0.21588,-0.22854,0.56013,0.057078,0.23453,-0.39022,-0.24125,0.24592,0.3309,0.18086,0.10604,0.05273,-0.16693,-0.39357,-0.13448,0.7204,0.42844,0.49093,0.36671,-0.51737,-0.16592,-0.17358,-0.070486,0.28327,-0.22877,-0.20345,0.25733,-0.092122,0.59693
-0.51814,-0.036673,0.05667,-0.23464,-0.46681,0.085392,-0.052271,-0.17584,-0.1654,-0.24154,-0.41209,-0.3124,-0.31698,-0.295,0.0058521,-0.20437,-0.37389,-0.13128,-0.11661,-0.36829,-0.13826,-0.16828,-0.17341,-0.12306,-0.14645,-0.22608,-0.31132,0.059591,-0.35487,-0.39157,-0.0016373,-0.43172,-0.49172,0.060557,-0.57628,0.074959
0.16597,-0.43495,-0.090686,-0.030674,0.12644,-0.061241,0.1127,0.24809,-0.083296,-0.15408,-0.36766,-0.00074223,0.13727,-0.17407,-0.10234,-0.21016,-0.13169,0.10618,-0.43282,-0.147,-0.055753,0.051395,-0.0051261,-0.060224,-0.0083473,-0.30709,0.21678,0.10476,-0.24138,0.0061708,-0.22224,-0.0076159,-0.069599,-0.10847,-0.26983,-0.10509
-0.052375,-0.61051,-0.40521,-0.63916,-0.56177,-0.30286,-0.41826,-0.22723,-0.74774,-0.4377,-0.070906,-0.4933,-0.13812,0.20214,-0.52846,-0.35508,-0.25843,-0.39627,-0.27393,0.16013,-0.2315,0.062476,-0.27472,-0.20483,-0.34158,-0.41593,-0.22243,-0.20889,0.17262,-0.016401,-0.066855,-0.2669,-0.47681,-0.35175,0.12059,-0.53914
0.35972,0.77917,-0.010727,-0.22168,0.32833,0.20169,0.35314,0.008019,0.49324,0.11107,0.35642,-0.12682,0.37579,0.28483,-0.060372,0.13319,0.064818,-0.24416,0.47612,0.48489,-0.015153,0.047549,0.27099,0.04113,-0.10595,0.53895,0.45972,0.41537,0.16664,0.30624,0.26213,0.36202,0.57265,0.15598,0.19854,0.17515
0.32916,0.11789,-0.022157,-0.1891,-0.21694,-0.026234,-0.28768,-0.023347,0.21913,-0.0040669,-0.01308,0.22996,0.23627,0.078629,-0.17844,0.003756,-0.15575,-0.33035,-0.032873,-0.095015,-0.014044,-0.25948,-0.091226,-0.50546,-0.13102,0.32828,-0.076737,-0.18996,0.17318,0.50852,-0.2878,0.16742,-0.062508,0.25299,-0.17248,0.0091064
-0.22297,-0.38647,-0.10877,-0.32802,-0.23699,-0.055947,0.015551,-0.0070509,-0.15333,-0.17193,-0.61411,-0.13062,-0.16514,-0.20469,-0.035015,-0.011142,0.0087054,-0.2993,-0.30824,0.064964,0.0030759,-0.45895,-0.12812,-0.23902,-0.09224,-0.45861,-0.41353,-0.22034,-0.24453,-0.48398,-0.2705,-0.092023,-0.16102,-0.26237,-0.29183,-0.10411
-0.14319,0.51314,0.10612,0.21515,0.12813,-0.022428,0.23987,0.40483,0.29319,0.028655,-0.19088,0.071047,0.23624,-0.018273,0.11924,-0.050375,0.16092,0.34832,0.2362,0.50685,0.043035,-0.050942,0.32143,0.057071,0.14985,0.10617,0.045425,0.032696,0.34514,0.32847,0.56409,-0.23761,-0.13481,0.34777,0.18682,0.17071
0.42646,0.43082,0.58121,0.51961,0.35592,0.19753,0.20972,0.2473,0.4564,0.42195,-0.051821,0.41626,0.42965,0.55199,0.67525,0.38048,0.053926,0.57712,0.41896,0.35487,0.53382,0.64799,0.44445,0.74064,0.51794,0.19839,0.42992,0.33825,0.55346,0.14367,0.42862,0.57579,0.24084,0.28582,0.19789,0.10317
-0.45977,-0.04854,0.10996,-0.50168,0.23361,0.047871,-0.058658,-0.14321,-0.087008,0.030874,0.19757,0.083178,-0.052604,-0.18024,0.11545,0.10223,0.17603,0.057821,-0.64298,0.037061,-0.26533,-0.14477,0.085557,0.17254,0.076032,-0.34161,-0.19308,0.17744,-0.15922,0.10476,0.14609,0.20313,-0.015633,0.0028077,-0.011773,-0.060687
-0.16474,-0.026739,0.12455,0.10482,0.058744,-0.24126,0.080094,0.51262,-0.047299,-0.071532,-0.049368,-0.058129,-0.27961,-0.36755,-0.037277,-0.34837,0.017487,-0.042697,-0.19865,-0.17267,-0.38932,-0.19665,-0.24177,0.051802,-0.059935,-0.32839,0.072045,-0.011082,-0.89133,-0.11686,0.28483,-0.05872,0.11993,0.26469,-0.057711,-0.15136
0.41077,0.44023,0.27911,0.59569,0.51283,0.37856,0.31018,0.20517,0.22376,-0.074484,0.66406,0.48606,0.1963,0.1539,0.48365,0.37493,0.47856,0.1866,0.44144,0.29957,0.33296,0.34382,0.22654,0.37741,0.26062,0.72553,0.46244,0.23611,0.075088,0.19137,0.24992,0.4354,0.43091,0.54434,0.34957,0.10142
0.19487,-0.019071,-0.23783,-0.13652,-0.57191,-0.26514,-0.47056,-0.17377,-0.26563,-0.14586,-0.10599,-0.64585,-0.37613,-0.12714,-0.10364,-0.39226,-0.42616,-0.27131,-0.13709,-0.26576,-0.22208,-0.16826,-0.39706,-0.42039,-0.20009,-0.095325,0.045741,0.1641,0.079699,-0.12398,-0.24611,-0.34526,0.069505,-0.19739,0.0565,-0.50751
0.026229,0.18453,-0.4331,0.3395,0.24198,0.23461,-0.026215,0.17762,-0.11579,0.15519,0.22861,0.025519,0.012886,-0.12002,0.16606,-0.11663,0.057011,-0.03447,0.016164,0.10452,-0.2922,-0.0022098,-0.13131,-0.0083837,-0.01734,0.25263,-0.16411,0.10143,0.29142,-0.10681,-0.11144,-0.055963,0.12396,-0.029068,0.0085542,-0.33882
0.26124,-0.20938,-0.19423,-0.15132,0.0072676,-0.036891,-0.12761,-0.22529,-0.28616,-0.275,0.062045,-0.091393,-0.21124,-0.44828,-0.11348,-0.28273,-0.067454,-0.26899,-0.3582,-0.28959,-0.030925,-0.43389,-0.16193,-0.10537,-0.41335,0.12503,-0.24489,0.11826,-0.025659,-0.14155,-0.38762,-0.041964,-0.17238,-0.16173,-0.044278,-0.069198
0.38666,-0.016849,0.16449,0.039825,0.35402,0.3569,0.29966,0.28397,0.82377,0.12596,0.49234,-0.0025469,0.28591,0.21392,0.35876,0.069625,0.40798,0.6194,0.17051,0.31517,0.33158,0.20501,-0.15574,0.45341,0.31141,-0.16194,0.43479,0.057773,0.24573,0.33678,0.42734,0.22814,0.70334,-0.33729,0.027149,0.41733
-0.58151,-0.36284,-0.69875,-0.43742,-0.31512,-0.21781,-0.41356,-0.27027,-0.7148,-0.14503,-0.40238,-0.52737,-0.52051,-0.16462,-0.48696,-0.088956,0.09998,-0.29427,-0.46675,-0.049921,-0.20495,-0.39191,-0.19835,-0.18879,-0.10887,-0.45557,-0.48592,-0.01813,-0.46445,-0.46595,-0.12866,-0.64763,-0.74482,-0.67429,-0.38246,-0.028203
-0.1588,-0.15664,-0.076846,-0.19316,-0.25648,-0.30915,-0.017865,-0.22371,-0.44838,-0.39403,-0.2152,-0.26308,-0.38543,-0.55331,-0.36828,-0.38511,-0.41269,-0.34106,-0.49242,0.031777,0.0012625,-0.53083,-0.44648,-0.18605,-0.28928,-0.35481,-0.070522,-0.21543,-0.45857,-0.26807,-0.44409,-0.22559,0.14414,-0.11384,0.047137,-0.24763
0.059791,0.06867,-0.397,0.038928,-0.2681,-0.27839,-0.14376,0.068723,0.11868,0.13416,0.1389,-0.055411,-0.32118,-0.027853,-0.14717,0.20075,0.041074,-0.3049,-0.14821,-0.11994,-0.46804,0.39911,0.070352,0.056082,-0.08441,-0.18984,-0.20636,-0.06537,-0.1509,-0.54381,-0.32729,0.074658,-0.13529,0.067591,0.082452,-0.21688
-0.07227,-0.1039,0.34029,0.020473,0.20396,0.15889,0.1135,0.26457,0.13789,0.050307,0.0076189,0.44113,-0.15646,-0.080362,0.18951,0.11798,0.15731,0.10358,-0.11822,0.033921,0.064812,-0.069575,0.27381,-0.082244,0.26417,-0.11216,-0.15998,0.084216,-0.2703,-0.30045,0.55789,0.071504,-0.13751,0.09197,-0.0033995,0.04563
-0.10961,-0.33135,-0.47528,-0.22532,-0.050183,-0.39648,-0.40043,-0.22906,-0.17383,0.030293,-0.32078,-0.038744,0.328,-0.40956,0.14832,-0.039101,-0.046447,-0.023772,-0.55504,-0.58241,-0.45884,-0.32785,-0.097709,-0.1596,-0.21141,0.058493,-0.17915,-0.2925,-0.2747,-0.37022,-0.24203,-0.083693,-0.28919,-0.14752,-0.23805,-0.11166
0.36299,0.47944,0.0067814,0.3217,-0.21409,0.10886,-0.05385,0.38636,0.40452,0.26664,0.39845,0.1329,0.29243,-0.11609,-0.2019,0.28805,0.17661,-0.036807,0.38469,0.084899,0.46034,-0.1902,0.11066,0.21443,0.05891,0.45435,0.17171,0.22833,0.33823,0.34519,-0.11864,0.25394,0.55595,0.061044,0.35817,0.055728
0.26943,0.4325,0.1981,0.43925,-0.17263,0.017759,0.094029,0.11428,-0.047733,0.032136,0.087242,0.080837,0.17216,0.17979,0.062097,0.16973,0.29678,0.22006,0.29409,0.31194,0.3003,0.2462,0.15718,0.13804,0.30295,-0.096226,0.51112,0.11775,0.16232,0.30573,0.12486,0.39576,0.027621,0.27506,0.37967,0.39057
0.13892,0.49337,-0.32639,-0.35464,-0.19756,0.11002,-0.044291,-0.08717,-0.20625,-0.036756,-0.11586,-0.19403,-0.20608,-0.17742,-0.036689,0.055389,0.035696,-0.32675,0.15216,0.20205,0.2898,0.09772,-0.040146,0.014351,-0.087752,-0.021797,0.43669,-0.048537,0.66187,0.15942,-0.0081911,-0.14678,0.36331,0.12742,0.45996,-0.14961
-0.20243,-0.061515,0.35707,0.045559,0.023642,0.12196,0.15888,0.097672,0.0076372,0.053964,-0.13839,0.24085,0.016909,0.11022,0.2978,0.21447,0.50764,0.37796,0.22983,0.23466,-0.071114,0.47179,0.16369,0.50948,0.12807,0.10356,0.058604,0.35999,-0.017222,-0.28145,0.19581,0.07953,0.045451,0.40524,0.0070585,0.15925
-0.20793,-0.080817,0.04781,-0.046703,-0.26271,0.29019,-0.091943,0.08422,-0.24203,0.49431,-0.21126,-0.016817,-0.085729,0.16328,-0.013334,-0.042876,-0.057735,0.0483,-0.077473,0.21858,0.087853,-0.17131,-0.20844,0.18185,0.17345,-0.33473,-0.012583,-0.061766,0.039011,-0.302,-0.0086363,0.019849,0.2182,0.11258,-0.23799,-0.098085
0.13697,-0.48011,-0.69516,-0.51362,-0.22121,-0.20405,-0.35092,-0.76907,-0.17101,-0.50766,0.044642,-0.45715,0.030007,-0.040357,-0.43381,-0.087282,-0.21956,-0.97306,-0.4069,0.12075,-0.31028,0.074604,-0.062816,-0.79051,-0.46227,0.046137,-0.49159,-0.14843,-0.17036,-0.51398,-0.25711,-0.25057,-0.23783,-0.098296,-0.53663,-0.48757
-0.10455,-0.087827,-0.045761,0.053059,0.056001,-0.055565,0.10553,-0.091946,-0.2314,-0.13497,-0.20423,-0.08127,-0.27703,0.31834,0.12224,-0.28058,-0.16088,-0.074194,-0.093222,-0.14221,-0.088764,0.19,-0.22547,-0.016877,0.23937,-0.19553,0.066484,0.36035,-0.18416,-0.18873,-0.2861,-0.21984,-0.16117,0.053611,0.2397,0.020471
0.10581,0.4064,-0.56049,-0.19648,-0.012785,-0.11011,-0.3719,-0.11704,-0.050825,-0.28359,0.037385,-0.61229,0.1214,0.43029,-0.27391,-0.31903,-0.087505,-0.12799,0.076678,0.19756,0.53897,0.38931,-0.54119,-0.041904,-0.52791,0.13243,0.43987,0.22722,0.81857,0.117,-0.12119,0.41953,0.43977,-0.15014,0.17057,-0.31672
-0.22527,0.1416,0.43267,0.034327,0.45944,0.29495,0.19623,0.49183,-0.23044,0.23974,0.22277,0.42624,-0.14014,0.21997,0.34446,0.28036,0.44413,0.95085,-0.049446,0.06472,0.12416,0.38312,0.15268,0.3631,0.45194,-0.0078878,0.085327,0.0018478,-0.14142,0.025147,0.38425,0.036289,-0.38682,0.40127,0.20701,-0.062393
0.34376,-0.073738,-0.24895,-0.094379,-0.25103,-0.16156,-0.34741,-0.60716,0.3048,-0.24442,-0.080488,-0.19773,-0.015476,0.086196,-0.19173,-0.34598,-0.20785,-0.72796,-0.37753,0.39192,0.21716,0.13022,-0.21802,-0.25715,-0.1888,-0.19151,0.066769,0.26712,0.4027,0.53899,-0.18243,-0.037399,0.1233,-0.34524,-0.38582,-0.52137
0.1831,-0.85449,-0.029129,-0.030409,-0.25221,0.18169,0.23083,-0.0019466,-0.32198,-0.23472,-0.4602,-0.10878,-0.19328,-0.071599,-0.28742,-0.080377,-0.18302,0.13507,-0.29766,-0.21083,-0.095229,-0.20265,0.14947,-0.13274,-0.15802,0.069597,0.0022745,-0.095344,-0.12983,-0.17092,-0.35596,-0.033587,-0.42012,0.14695,-0.14926,0.2754
-0.43802,-0.056893,-0.43612,0.17644,-0.0057814,-0.16146,-0.13824,0.086494,-0.26261,-0.044152,-0.15222,-0.18962,-0.40677,-0.32383,-0.19407,0.14306,-0.016534,0.033411,-0.43511,-0.17637,-0.24783,-0.35019,0.15083,-0.29801,-0.24499,-0.37576,-0.21549,0.31073,-0.17431,-0.25548,-0.17252,-0.23197,-0.60632,-0.047655,-0.33481,0.16603
0.24813,0.61861,0.38512,0.3807,0.28086,0.26918,-0.056066,0.27484,0.24062,0.49737,0.36101,0.50725,0.31605,0.47971,0.12036,0.29143,0.21839,0.30656,-0.087324,0.042451,0.49424,0.54355,0.23918,0.55479,0.56182,-0.095772,-0.18091,0.093503,0.46573,0.42999,0.052519,0.2119,0.12,0.38743,-0.12483,0.54335
0.25029,-0.071844,-0.11199,0.12192,-0.049448,0.21927,-0.013447,0.23516,-0.10369,-0.56936,0.23823,-0.31193,0.3039,-0.20528,0.34184,-0.12856,-0.014527,-0.12764,-0.47966,0.02709,0.013588,-0.12049,-0.31019,0.01754,-0.28884,-0.0042724,0.38433,-0.013625,-0.2972,0.3158,0.27123,0.14191,0.021735,0.28038,0.27463,0.033563
-0.3681,-0.8059,-0.49158,-0.24228,-0.61331,-0.59007,-0.39623,-0.099677,-0.32774,-0.01658,-0.21229,-0.17367,-0.099025,-0.28098,-0.32627,0.15778,-0.20345,-0.30509,-0.3933,-0.33733,-0.4511,0.027237,-0.22708,-0.53814,-0.4449,-0.36313,-0.33518,-0.066111,-0.11519,-0.33366,-0.37085,-0.22569,-0.20554,-0.44893,0.04231,-0.46646
0.088206,0.4633,0.28835,0.41886,0.1645,0.14063,0.30553,0.27792,0.66886,0.46549,0.13949,0.32857,0.55176,0.45296,0.48879,0.33853,0.32581,0.71784,0.24125,0.25388,0.42121,0.31526,0.49311,0.31417,0.39588,0.63299,-0.11759,0.03781,0.055127,0.28997,0.20053,0.17443,0.10805,0.5596,0.30452,0.30159
0.12795,-0.20774,-0.31825,-0.0042693,-0.40262,-0.28055,-0.607,-0.0030182,-0.25599,-0.45078,-0.19095,-0.34283,-0.17176,-0.035132,-0.17068,-0.14853,0.024344,-0.14199,0.16449,0.074123,-0.22133,0.22857,-0.014636,-0.10703,-0.1779,-0.19081,-0.1001,-0.30311,-0.012859,-0.26919,-0.045732,0.11511,-0.10377,-0.14277,0.1728,0.1052
0.070105,-0.013181,-0.27484,-0.15029,-0.35998,-0.070296,-0.042476,-0.26211,-0.052842,-0.40522,-0.026783,-0.4103,-0.017182,-0.062192,-0.17806,-0.46591,-0.3063,-0.70647,-0.67282,-0.10883,0.092527,-0.14957,-0.2135,-0.21607,-0.6386,-0.36149,0.50963,-0.28742,0.013339,0.19538,-0.091189,-0.054105,-0.12261,-0.31326,-0.17547,-0.38711
0.14804,-0.26371,-0.076762,0.19073,0.18725,0.15858,-0.059031,-0.037102,-0.044391,0.079715,-0.056732,-0.12044,-0.15427,0.12318,-0.05858,0.058092,-0.24452,0.084025,-0.1109,0.19307,0.36324,0.14819,-0.016252,-0.049114,0.38538,-0.30843,0.28384,-0.48104,-0.059067,-0.20006,-0.069129,0.031892,0.2588,0.40269,0.19475,0.28705
-0.26453,-0.36945,0.0095995,0.15811,0.049284,-0.28455,-0.36802,-0.050229,-0.81307,-0.10267,-0.11371,-0.20283,-0.53252,-0.56493,-0.079341,-0.17888,-0.17028,0.18158,-0.38415,-0.26395,-0.46593,-0.60595,-0.31147,-0.19594,-0.16663,-0.50983,-0.32784,-0.18895,-0.66926,-0.63469,-0.16685,-0.45703,-0.72841,-0.097824,-0.034548,-0.019023
-0.26358,-0.011323,-0.23076,-0.16579,0.090912,0.36829,0.13401,-0.13439,-0.070485,0.021338,0.3503,-0.19469,-0.10757,0.40604,0.23164,-0.22354,-0.019866,0.10606,-0.65187,0.28112,0.4744,0.32919,-0.24625,-0.1849,0.13273,0.017648,0.12012,-0.02317,0.027685,-0.17152,-0.11897,-0.1328,-0.4656,-0.023121,-0.038463,0.30574
0.065439,0.21988,-0.27803,-0.25036,-0.22924,-0.29885,-0.34144,-0.34376,-0.089706,-0.39988,-0.22909,-0.25562,-0.30745,-0.26955,-0.3113,-0.51124,-0.26599,0.016831,-0.40978,-0.030162,-0.22357,-0.37471,-0.097386,-0.05609,-0.54617,-0.27531,-0.28954,0.00061994,-0.078148,-0.016822,-0.33655,-0.32535,-0.031473,-0.28915,-0.28837,-0.39215
0.4304,0.071203,0.25222,0.21039,-0.09129,0.104,0.18096,0.11349,0.19329,0.24797,0.096846,0.27275,0.20351,0.017507,0.12224,0.3023,0.29378,0.3964,0.10943,0.34416,-0.023031,0.23851,0.24527,0.37182,0.16539,0.15916,-0.13413,0.33568,0.21803,0.1788,0.26661,0.41045,-0.0056056,0.29018,-0.20916,0.38394
-0.33639,0.27036,-0.11543,0.11337,0.25655,0.21323,-0.026703,0.15128,0.15734,0.10374,0.13381,-0.087007,0.016957,-0.35121,0.21939,-0.053947,-0.051151,0.17352,-0.32719,-0.059387,0.20209,-0.35228,-0.10339,0.017822,0.29769,-0.22387,-0.30376,0.52964,0.096462,-0.017342,0.10767,0.067402,0.16937,-0.17728,0.11104,-0.28219
0.080503,0.24282,0.047303,-0.090408,0.41501,-0.051781,0.18771,-0.13935,0.57282,-0.026581,0.34302,-0.045681,0.00028428,0.063121,-0.097158,0.22196,-0.16346,-0.15667,-0.087964,0.21362,-0.24075,0.42462,-0.19659,-0.31314,0.03791,0.021344,0.35304,0.034763,0.020386,0.028088,0.046364,0.2405,0.5023,0.12055,0.5099,-0.084055
0.23382,0.052536,0.34635,0.010145,0.25485,0.13174,0.075344,0.29663,0.047149,0.23833,0.16762,0.30885,0.40517,0.37156,-0.011962,0.49042,0.017097,0.13733,0.088935,0.1095,0.10919,0.26337,0.2681,-0.049144,0.51913,0.12541,0.073426,-0.0067778,-0.052241,0.12309,-0.15158,-0.33906,0.064581,0.082735,-0.04569,0.023718
-0.23461,0.019653,-0.11414,-0.33442,-0.25902,-0.32826,-0.18094,-0.25528,0.089462,-0.18554,-0.18392,-0.38703,-0.083577,-0.33541,-0.15617,-0.41081,-0.3152,-0.058797,0.067861,0.31356,-0.095699,-0.20149,-0.06917,0.025537,-0.23618,-0.044577,-0.12635,-0.23989,-0.068968,-0.10488,-0.079188,0.12513,-0.16068,-0.086037,-0.13288,-0.13551
-0.42138,-0.6065,-0.49071,-0.28987,-0.42247,-0.1929,-0.62619,-0.10827,-0.48817,-0.2811,-0.17989,-0.10838,-0.29587,-0.20082,-0.27466,-0.061716,0.0654,-0.76873,-0.57472,-0.42494,-0.51815,-0.085662,-0.52014,-0.094798,-0.38426,-0.22077,-0.082149,0.22537,-0.26666,-0.14288,-0.089406,-0.049626,-0.31828,-0.15833,-0.11547,-0.3998
-0.25655,0.073399,0.060688,-0.20463,0.20725,0.33441,0.37584,0.29067,-0.24348,0.28209,0.17073,0.30727,-0.11573,0.17465,0.13236,0.26718,0.22205,0.13303,0.23708,-0.2309,-0.15385,-0.21649,0.45178,0.16214,-0.14304,0.20613,-0.10507,0.23327,0.078991,0.0087401,0.13642,-0.13258,-0.13438,0.13037,0.20715,0.36727
0.24356,0.2242,0.15962,0.13373,0.31506,-0.011749,0.15242,0.21478,0.15197,0.23535,0.51482,0.18153,0.21166,-0.10628,0.31309,0.15169,0.16191,0.089251,-0.20019,0.084115,-0.011336,-0.053087,0.1757,-0.073205,0.53725,0.48293,0.2278,0.13231,0.41951,0.31551,0.12556,-0.22618,0.33461,0.11881,0.16431,0.23673
0.12458,-0.030643,0.011989,-0.27809,0.31627,0.19797,0.21392,0.43977,0.2422,0.33485,0.076794,0.16089,0.23388,0.30394,0.20261,0.19697,0.47019,0.41586,0.27174,0.41582,0.24296,0.26263,0.18224,0.26442,0.19785,0.13234,0.26306,0.512,-0.14669,-0.038445,0.12999,0.19864,0.23082,0.17546,0.19193,0.16665
0.25699,0.066501,-0.17158,0.45073,-0.086912,-0.056191,0.12919,-0.039564,0.12919,-0.11922,0.22338,-0.15645,0.053708,0.015572,0.062548,-0.13029,0.15507,-0.04436,0.00097323,0.21738,0.15106,0.23333,0.13463,-0.14626,-0.11492,0.52794,0.0719,0.056233,0.36247,0.13547,0.13359,0.27617,-0.14742,0.15278,0.036796,0.28725
-0.39835,0.2182,0.24381,0.1425,-0.47847,-0.21512,0.054205,0.21481,-0.026938,-0.18875,-0.078016,-0.061448,-0.019698,0.039262,-0.072141,0.072342,-0.23117,-0.10277,0.035375,0.014072,-0.046988,-0.28633,-0.21465,-0.13558,-0.26654,0.26132,-0.31965,-0.081521,0.04256,0.3133,0.16755,-0.20769,-0.033855,-0.0044005,-0.52367,-0.50815
0.38962,0.22923,0.72053,0.17712,0.023256,-0.1901,-0.016046,0.30476,0.31901,0.5605,0.44232,0.6661,0.51003,0.35272,0.14435,0.45697,-0.34144,0.22374,0.28857,-0.20475,0.014817,0.15016,0.25258,0.49737,0.54362,0.45729,0.28944,0.094346,0.058207,0.25227,0.23383,0.15419,0.45705,0.09826,-0.062365,0.32004
-0.19125,0.035233,-0.0091179,-0.0147,-0.23879,-0.32478,-0.12777,-0.15186,0.053194,-0.1707,0.03965,-0.072712,-0.11535,-0.12953,-0.10887,-0.12994,-0.20815,-0.10348,0.09985,-0.047822,-0.45321,-0.26755,-0.43409,-0.45785,-0.10405,0.2227,-0.11425,-0.18039,-0.018084,0.0023972,-0.26791,-0.26377,-0.10969,0.062294,-0.46009,-0.48998
-0.50244,-0.79263,0.12602,0.18786,-0.40583,-0.1802,-0.045506,0.018624,-0.20834,-0.34755,-0.66383,-0.47653,-0.7228,-0.47298,-0.20706,-0.37762,-0.27408,-0.26091,-0.36055,-0.30624,-0.56424,-0.62389,-0.27371,-0.52898,-0.25254,0.085781,-0.52074,-0.070208,-0.46659,-0.55333,0.07406,-0.16168,-0.69709,-0.28978,-0.46983,-0.18158
0.15653,-0.085558,0.37595,-0.0075521,0.43748,0.18997,0.36167,0.46401,0.0011214,0.45212,0.20125,0.61804,0.38955,0.090704,0.43672,0.31776,0.25978,0.28698,-0.027737,-0.099939,0.60194,-0.05816,0.55351,0.46739,0.16672,0.063818,-0.14456,0.022624,-0.32266,0.31888,-0.24319,-0.11287,0.21591,0.18692,0.34379,0.40499
0.032481,0.015036,-0.066607,-0.32055,0.17293,0.12468,-0.0086099,-0.35247,0.060278,0.22001,0.021363,0.28931,-0.3072,0.055254,-0.12046,0.17997,0.23101,-0.19886,0.056239,-0.32002,-0.18521,-0.027875,-0.043283,-0.015845,-0.18607,-0.08862,-0.23975,0.13853,-0.1683,0.067722,0.31579,-0.35366,-0.39611,-0.20515,-0.40038,0.13036
-0.1312,-0.29182,0.21945,-0.066028,0.3755,0.035554,0.18905,-0.004559,-0.30484,0.068292,-0.23332,-0.18864,-0.16939,-0.3884,-0.071837,-0.004513,0.06252,0.080952,-0.28957,-0.23665,-0.19736,-0.26164,0.20397,0.071475,0.20888,0.06357,-0.092267,0.078112,-0.12001,-0.16438,-0.13287,-0.6204,-0.023248,-0.21684,0.16735,0.091224
0.20866,0.036907,0.038282,0.45193,-0.081444,0.20577,0.35265,0.53035,0.018562,0.26959,0.42003,0.18375,0.50413,0.17745,0.12448,0.14715,-0.050313,0.17197,0.017,0.35075,-0.0016033,-0.043112,0.24,0.16155,0.3413,-0.021792,0.37543,0.40683,0.18571,0.2114,0.19767,-0.077539,0.53745,0.04164,0.52583,0.094152
-0.11026,-0.16379,0.24024,-0.36825,-0.12295,-0.0038815,0.08117,0.40467,-0.052257,-0.18061,-0.24145,-0.16707,0.36367,-0.072476,-0.045356,-0.042366,0.14807,0.36096,0.088864,0.037508,0.038846,0.043338,0.091263,0.11501,-0.0081244,0.070856,-0.1849,0.028685,-0.070844,-0.034988,0.024455,0.066791,-0.14415,-0.21667,-0.11094,-0.17392
0.3985,-0.089273,0.56677,0.52588,0.68736,0.33329,0.38153,0.48934,0.20311,0.34637,0.393,0.34298,0.263,0.067929,0.39195,0.46547,0.28838,0.41544,-0.15248,-0.097488,0.41065,0.027086,0.42169,0.47481,0.26128,0.03584,0.35855,0.018971,0.12931,0.1239,0.33817,0.30755,0.42867,0.086847,0.18845,0.36435
0.36807,0.29926,0.17944,0.056604,-0.02604,-0.0026261,-0.13997,0.012152,0.29743,0.30999,0.45147,0.29515,0.36866,0.28142,-0.19974,0.29443,0.22856,-0.038422,-0.45879,0.16013,0.054569,0.21126,0.22538,0.17116,0.014492,-0.047681,-0.27656,0.032827,0.42248,-0.15611,0.1649,-0.021403,0.14047,0.33598,0.023616,0.15686
